book_id,title,year,language,city_name_standardized,wikidata_id,latitude,longitude
12163581,Obst-und Trauben-Ausstellung Die Württembergische in Canstatt in Vérbindung mit dem landwirthschaftlichen Feste veranstaltet von der Königl Centralstelle für die Landwirtschaft 1852,1852,ger,Stuttgart,Q1022,48.7775,9.18
11528967,Anneessens,1870,fre,Brussels,Q239,50.846666666666664,4.351666666666667
12021785,The Austin-Topolovampo,1875,eng,Unknown,,,
22169951,La Logica,1880,ita,Turin,Q495,45.079166666666666,7.676111111111111
11677526,Économie politique et sociale,1865,fre,Brussels,Q239,50.846666666666664,4.351666666666667
13672019,Les accidents du travail,1900,fre,Paris,Q90,48.85666666666667,2.352222222222222
11338323,Historisch-romantische tafercelen en dichterlyke schetsen uit de geschiedenis van Belgie,1862,dut,Antwerp,Q12892,51.221111111111114,4.3997222222222225
11484566,Premières leçons de géométrie à l'usage des écoles primaires,1876,fre,Brussels,Q239,50.846666666666664,4.351666666666667
13249372,Mes souvenirs sur Napoléon,1893,fre,Paris,Q90,48.85666666666667,2.352222222222222
11835009,Calculateur général de la solde proprement dite et de la masse d'habillement,1880,fre,Arlon,Q675960,49.683611111111,5.8166666666667
11705027,Les chemins de fer en Belgique,1882,fre,Brussels,Q239,50.846666666666664,4.351666666666667
13431121,La Napoliade,1895,fre,Paris,Q90,48.85666666666667,2.352222222222222
12000506,Recherches sur les épopées romanesques des Troubadours,1833,fre,Paris,Q90,48.85666666666667,2.352222222222222
13621021,Histoire de la constitution de la ville de Louvain au moyen âge,1892,fre,Ghent,Q1296,51.05361111111111,3.725277777777778
12530677,Les traditions indo-asiatiques,1876,fre,Paris,Q90,48.85666666666667,2.352222222222222
22166460,Discours de réception de M.J-B Dumas,1876,fre,Paris,Q90,48.85666666666667,2.352222222222222
22431064,Napoléon III,1898,fre,Paris,Q90,48.85666666666667,2.352222222222222
22318851,Cours de droit civil professé à l'université de Liège,1893,fre,Paris,Q90,48.85666666666667,2.352222222222222
22318851,Cours de droit civil professé à l'université de Liège,1893,fre,Liège,Q3992,50.639722222222225,5.570555555555556
13032985,La France en 1850,1850,fre,Paris,Q90,48.85666666666667,2.352222222222222
11546837,"Etudes sur la vie et les mémoires de Philippe de Commines, Seigneur d'Argenton",1870,fre,Legnica,Q106274,51.21006,16.1619
12002043,Nouvelles recherches sur la fête des Innocents et la fête des Fous qui se faisaient dans les églises et notamment dans celle de Sens,1853,fre,Auxerre,Q167600,47.7975,3.5669444444444
12811648,Een reus,1900,dut,Tongeren,Q190113,50.7794,5.4631
22279769,Une ascension aérostatique à Mons,1845,fre,Mons,Q83407,50.45472222222222,3.9525
22189337,Les puits artésiens de la Flandre,1884,fre,Liège,Q3992,50.639722222222225,5.570555555555556
11488969,The adventures of my grandfather,1867,eng,London,Q84,51.507222222222,-0.1275
13398939,Revue des patois gallo-romans,1887,fre,Neuchâtel,Q69345,46.990277777778,6.9305555555556
13398939,Revue des patois gallo-romans,1887,fre,Paris,Q90,48.85666666666667,2.352222222222222
11453740,"The life, letters, and friendships of Richard Monckton Milnes, first Lord Houghton",1890,eng,London,Q84,51.507222222222,-0.1275
11453740,"The life, letters, and friendships of Richard Monckton Milnes, first Lord Houghton",1890,eng,Paris,Q90,48.85666666666667,2.352222222222222
11453740,"The life, letters, and friendships of Richard Monckton Milnes, first Lord Houghton",1890,eng,Melbourne,Q3141,-37.814166666666665,144.96305555555554
12174683,Robrecht van Eine of misdaad en liefde,1891,dut,Ghent,Q1296,51.05361111111111,3.725277777777778
11936293,Château de la Motte-au-Bois,1843,fre,Douai,Q193826,50.370833333333,3.0791666666667
11248030,Dépopulation et puériculture,1901,fre,Paris,Q90,48.85666666666667,2.352222222222222
13586687,Die Entstehung des socialen Problems,1898,ger,Rostock,Q2861,54.083333333333,12.133333333333
13600878,Documents historiques sur le comté et la ville de Dreux,1859,fre,Chartres,Q130272,48.446666666667,1.4883333333333
12244336,Regio decreto contenente dispozioni per la istituzione delle scuole maschite di femminilli  nelle Provincie Venete,1867,ita,Florence,Q2044,43.771388888889,11.254166666667
11612112,Dictionnaire résumé des droit d'enregistrement,1880,fre,Brussels,Q239,50.846666666666664,4.351666666666667
11765643,Pourquoi un plebiscite?,1871,fre,Geneva,Q71,46.2,6.15
11817807,Vlaemsche Commissie,1859,dut,Brussels,Q239,50.846666666666664,4.351666666666667
12550663,Les anomalies musculaires chez l'homme,1884,fre,Paris,Q90,48.85666666666667,2.352222222222222
11314964,Notice historique sur Zuydcoole,1855,fre,Dunkirk,Q45797,51.037777777778,2.3763888888889
13448678,"L'arithmétique élémentaire, traitée simplement",1833,fre,Paris,Q90,48.85666666666667,2.352222222222222
11359276,Pensées et Opuscules,1900,fre,Paris,Q90,48.85666666666667,2.352222222222222
11898513,"Questions posées dans les concours de l'enseignement primaire et aux examens d'admission de diverses écoles normales, recueillies et mises en ordre",,fre,Mons,Q83407,50.45472222222222,3.9525
12044914,"Memorial of Nahum Capen, of Boston, Massachusetts, on the subject of International Copyright",1844,eng,Boston,Q100,42.360277777777775,-71.05777777777777
12291506,Guide théorique et pratique pour la rédaction des déclarations de succession et la liquidation des droits,1893,fre,Frameries,Q25634670,50.4087571,3.8905656
12291506,Guide théorique et pratique pour la rédaction des déclarations de succession et la liquidation des droits,1893,fre,Mons,Q83407,50.45472222222222,3.9525
11571751,"De twee vondelingen, drama in vijf bedrijven",1878,dut,Ghent,Q1296,51.05361111111111,3.725277777777778
11596622,Du pouvoir Spirituel dans ses rapports avec l'état,1844,fre,Paris,Q90,48.85666666666667,2.352222222222222
11963866,Bollendorf et ses environs,,fre,Echternach,Q204317,49.811666666667,6.4216666666667
22366484,Valores Postales Argentinos,1898,spa,Buenos Aires,Q1486,-34.599722222222,-58.381944444444
12249033,Doctor Nobiling und seine Lehrmeister,1879,ger,Stuttgart,Q1022,48.7775,9.18
11663948,Réponse d'un démocrate verviétois,1858,fre,Verviers,Q202954,50.583333333333,5.85
12455258,Amante et mère,1839,fre,Paris,Q90,48.85666666666667,2.352222222222222
12462123,Les jeunes,1896,fre,Paris,Q90,48.85666666666667,2.352222222222222
11284879,Glacialerscheinungen in der geologischen Vergangenheit,1896,ger,Hamburg,Q1055,53.55,10.0
11901998,Théroigne de Méricourt,1836,fre,Paris,Q90,48.85666666666667,2.352222222222222
13532901,Rapport présenté à la Commission organisatrice de la Fête civique offerte au Magistrat d'Ypres,1847,fre,Ypres,Q102728,50.850833333333334,2.885
12170782,Le parfum de Rome,1891,fre,Paris,Q90,48.85666666666667,2.352222222222222
13317549,Physiologie du Robert Macaire,1842,fre,Paris,Q90,48.85666666666667,2.352222222222222
11653950,Manifeste poétique à l'occasion de la paix,1856,fre,Brussels,Q239,50.846666666666664,4.351666666666667
13028249,"Les distiques de Muret, imités en quatrains français",1834,fre,Paris,Q90,48.85666666666667,2.352222222222222
13451181,La question des cuirasses dans la défense des côtes,1884,fre,Brussels,Q239,50.846666666666664,4.351666666666667
12445844,Nederlandsche spraakkunst voor de middelbare scholen en de hoogere klasse der lagere scholen,1895,dut,Ghent,Q1296,51.05361111111111,3.725277777777778
12738711,Georges Cadoudal et la Chouannerie,1887,fre,Paris,Q90,48.85666666666667,2.352222222222222
12934321,"Vision d'Hebal, Chef d'un Clan Écossais",1831,fre,Paris,Q90,48.85666666666667,2.352222222222222
11741719,"Souvenirs personnels (1824-1841) et correspondance diplomatique de Joseph Lebeau, publiés avec une préface historique",1883,fre,Brussels,Q239,50.846666666666664,4.351666666666667
13526073,Beiträge zur Morphologie der Amaryllideen,1860,ger,Halle (Saale),Q2814,51.48277777777778,11.969722222222222
12141073,L'etat de servitude ou la misere des domestiques,,fre,Troyes,Q5489,48.298888888889,4.0780555555556
12362320,Les Quatres Coins,1852,fre,Clermont-Ferrand,Q42168,45.779722222222,3.0869444444444
22070660,Die Deutscher Mystiker des vierzehnten und fünfzehnten Jahrhunderts,1855,ger,Zurich,Q72,47.37444444444444,8.54111111111111
12546849,Lehrbuch der reinen und technischen Chemie,1853,ger,Brunswick,Q2773,52.269166666667,10.521111111111
11582928,Der Westbau des Münsters zu Essen,1890,ger,Essen,Q2066,51.450833333333,7.0130555555556
12119326,Het eerste wetenschappelijk onderwijs,1890,dut,Ghent,Q1296,51.05361111111111,3.725277777777778
11976619,Grammaire Musicale ou Théorie des Principes de Musique,1838,fre,Geneva,Q71,46.2,6.15
13508368,Historia dos tres grandes capitaes da Antiquidade,1894,por,Rio de Janeiro,Q8678,-22.91111111111111,-43.20555555555555
11811190,Organisation électorale et representation de tous les pays civilisés,1874,fre,Paris,Q90,48.85666666666667,2.352222222222222
22175409,"Mémoire pour Mr Antoine Rally, gentilhomme Anglais, domicilié a Liège contre Mr Jacques-Bernard-Joseph Bellefroid commissionnaire en fonds et effets",1832,fre,Liège,Q3992,50.639722222222225,5.570555555555556
11554054,De l'abus des spiritueux,1878,fre,Brussels,Q239,50.846666666666664,4.351666666666667
13250926,The text of Shakespeare Vindicated,1853,eng,London,Q84,51.507222222222,-0.1275
13457592,Victor Hugo après 1852,1894,fre,Paris,Q90,48.85666666666667,2.352222222222222
12753883,L'archéologie préhistorique,1880,fre,Paris,Q90,48.85666666666667,2.352222222222222
12019566,La Liberté Spirituelle et Traités Religieux,1866,fre,Paris,Q90,48.85666666666667,2.352222222222222
12156751,"Mémoire sur le Zelkoua, Planera Crenata",1831,fre,Paris,Q90,48.85666666666667,2.352222222222222
13533376,Verslag over de werk-zaamheden gedurende het bestuurjaar 1868-1869,1869,dut,Ypres,Q102728,50.850833333333334,2.885
13717119,"Versuch einer Entwicklung der Sprache, Abstammung, Geschichte, Mythologie und bürgerlichen Verhältnisse der Liwen, Lätten, Eesten (...)",1839,ger,Berlin,Q64,52.516666666667,13.383333333333
12124632,"De fakkel van het ouden en alleen waer geloof, opgedragen aen den Hoogweirdigsten Heer Mijn Heer Govardus Gerardus Van Eersel, XVI, Bisschop van Gend, Graeve van Everghem ec. ec. ec",1774,dut,Unknown,,,
12579754,Le Bresil à l'exposition internationale de St.-Pétersbourg 1884,1884,fre,Saint Petersburg,Q656,59.95,30.316666666667
11679170,"Projet de loi sur les conseils généraux et les conseils municipaux,",1865,fre,Paris,Q90,48.85666666666667,2.352222222222222
12225332,Histoire du matérialisme et critique de son importance a notre époque,1877,fre,Paris,Q90,48.85666666666667,2.352222222222222
12613533,Sur les Graveurs des Inscriptions Antiques,1859,fre,Amiens,Q41604,49.891944444444,2.2977777777778
12613533,Sur les Graveurs des Inscriptions Antiques,1859,fre,Paris,Q90,48.85666666666667,2.352222222222222
11706359,Recueil des lois et arrêtés sur les pensions civiles et ecclésiastiques et des arrêtés spéciaux concernant la caisse des pensions des veuves et orphelins des fonctionnaires et employés du Département de l'Intérieur,1883,fre,Brussels,Q239,50.846666666666664,4.351666666666667
12973681,"Handboek der Landen Volkenkunde, Geschied-, Taal-, Aardrijksen Staatkunde van Nederlandsch Indie",1841,dut,Amsterdam,Q727,52.36666666666667,4.883333333333333
12110752,Novum Testamentum Graece,1856,multiple languages,Cologne,Q365,50.942222222222,6.9577777777778
12785901,Catalogo ragionato dei libri di prima Stampa,1875,ita,Palermo,Q2656,38.11565805555555,13.361261944444443
18229749,Notre-Dame d'Anvers,1841,fre,Antwerp,Q12892,51.221111111111114,4.3997222222222225
12567490,Assemblées nationales et Princes,1867,rus,Moscow,Q649,55.75055555555556,37.6175
11780203,Dombey en zoon,1884,dut,Ghent,Q1296,51.05361111111111,3.725277777777778
11787277,"Statistique des Lettres et des Sciences en France, Institution et Etablissemens Littéraires et Scientifiques",1834,fre,Paris,Q90,48.85666666666667,2.352222222222222
11625432,Het zoontje,1880,dut,Brussels,Q239,50.846666666666664,4.351666666666667
12856835,A propos de la nouvelle vie de Jésus,1865,fre,Paris,Q90,48.85666666666667,2.352222222222222
11282214,Ueber die Südslavische Guslaren-Epik,1894,ger,Hamburg,Q1055,53.55,10.0
11620338,Précis historique des institutions judiciaires de la Belgique,1831,fre,Brussels,Q239,50.846666666666664,4.351666666666667
22399230,De ware goudmijn,1897,multiple languages,Bruges,Q12994,51.208888888888886,3.224166666666666
12154450,Matériel roulant des chemins de fer,1867,fre,Brussels,Q239,50.846666666666664,4.351666666666667
22209024,L'Intermédiare,1875,fre,Unknown,,,
11949012,Les expériences de tir de Bucharest,1886,fre,Brussels,Q239,50.846666666666664,4.351666666666667
12144169,De l'importation du jury sur le continent,1885,fre,Brussels,Q239,50.846666666666664,4.351666666666667
22118173,Die Welt als Wille und Vorstellung,1873,ger,Leipzig,Q2079,51.3406321,12.3747329
13415064,Recueil des Traités et Conventions conclus par le Royaume des Pays-Bas avec les Puissances étrangères depuis 1813 jusqu'à nos Jours,1858,fre,The Hague,Q36600,52.08,4.31
13474819,Bestendige commissie voor de maetschappyen van ouderlingen bystand,1860,dut,Brussels,Q239,50.846666666666664,4.351666666666667
13437733,De minderjarigheid in haer gansch tydvak voorgedragen,1855,dut,Ghent,Q1296,51.05361111111111,3.725277777777778
12492120,Sur l'orientation des sépultures franques,1895,fre,Tournai,Q173219,50.605555555555554,3.388055555555556
12153812,Description des locomotives Stephenson,1835,fre,Brussels,Q239,50.846666666666664,4.351666666666667
12333664,"Histoire du Journal ""la Mode""",1861,fre,Paris,Q90,48.85666666666667,2.352222222222222
12698433,Encyklopaedie und Methodologie der Romanischen Philologie,1884,ger,Heilbronn,Q715,49.140428,9.217953
11506686,Les armes à feu portatives se chargeant par la culasse,1867,fre,Paris,Q90,48.85666666666667,2.352222222222222
12087013,Classification de 160 Huiles et Graisses Végétales,1874,fre,Ghent,Q1296,51.05361111111111,3.725277777777778
12225237,La reine Alèna,1892,fre,Brussels,Q239,50.846666666666664,4.351666666666667
11720225,"Catalogue d'une très belle et nombreuse collection de livres de Théologie, de Jurisprudence, de Sciences et Arts, (...)",1848,fre,Brussels,Q239,50.846666666666664,4.351666666666667
12996760,"Droit romain des moyens de mettre fin à l'indivision d'une hérédité et des effets du partage, à Rome. Droit français du caractère et des effets du partage dans le droit français, ancien et moderne",1884,fre,Paris,Q90,48.85666666666667,2.352222222222222
12436839,Supplément contenant les lois du 11 avril et du 12 septembre 1895 relatives aux élections communales,1895,fre,Brussels,Q239,50.846666666666664,4.351666666666667
13599034,"Biographie de Jacques Jonghelinck, sculpteur, graveur de sceaux et de medailles, etc.",1854,fre,Brussels,Q239,50.846666666666664,4.351666666666667
12131791,Les amours profondes,1875,fre,Paris,Q90,48.85666666666667,2.352222222222222
11631782,Nuova Guida Ovvero Descrizione Storico-Artistico-Critica della Città e Contorni di Firenze,1842,ita,Florence,Q2044,43.771388888889,11.254166666667
13377992,Mémoires d'anthropologie,1871,fre,Paris,Q90,48.85666666666667,2.352222222222222
11586596,Rhein-und Ahr-Wanderungen,1846,ger,Bonn,Q586,50.735277777777775,7.102222222222222
13306387,Untersuchungen über die Glaubwürdigkeit der altrömischen Geschichte,1858,ger,Hanover,Q1715,52.374444444444,9.7386111111111
13308643,Etude littéraire sur le XIVème Siècle,1857,fre,Brussels,Q239,50.846666666666664,4.351666666666667
12918565,Précis d'histoire contemporaine de Belgique,1889,fre,Liège,Q3992,50.639722222222225,5.570555555555556
12918565,Précis d'histoire contemporaine de Belgique,1889,fre,Ghent,Q1296,51.05361111111111,3.725277777777778
11756111,Geschichte der Niederfränkischen Geschafatssprache,1874,ger,Paderborn,Q2971,51.71666666666667,8.766666666666667
13713107,La mère de Don Juan,,fre,沙勒罗瓦,Q81046,50.416666666667,4.4441666666667
12822354,Traité de la Science des Finances,1888,fre,Paris,Q90,48.85666666666667,2.352222222222222
11941261,Paris-Berlin,1870,fre,Brussels,Q239,50.846666666666664,4.351666666666667
12506787,Res gestae divi Augusti,1883,lat,Berlin,Q64,52.516666666667,13.383333333333
17581069,Les grandes armoiries du Duc Charles de Bourgogne,1877,fre,Unknown,,,
12060389,De la peine de mort,1868,fre,Paris,Q90,48.85666666666667,2.352222222222222
13471807,"A list of delegates to the Peace Congress held in Exeter Hall, London, on July 22nd, 23rd, and 24th, 1851",1851,eng,London,Q84,51.507222222222,-0.1275
12057087,Della collocazione dei libri nelle pubbliche biblioteche,1890,ita,Florence,Q2044,43.771388888889,11.254166666667
11417246,La belgique en dix-huis cent cinquante-deux,1852,fre,Tournai,Q173219,50.605555555555554,3.388055555555556
11844795,Conseil provincial du Hainaut. Session de 1843,1843,fre,Unknown,,,
12511497,Les archives départementales du Nord pendant la Révolution,1873,fre,Lille,Q648,50.631944444444,3.0575
13558225,Flandrische Staats- und Rechtsgeschichte bis zum Jahr 1305,1835,ger,Tübingen,Q3806,48.52,9.0555555555556
13706653,Über die Nibelungenhandschrift h und die Iweinhandschrift a,1899,multiple languages,Greifswald,Q4098,54.083333333333,13.383333333333
12243063,"Etudes Economiques, Politiques et Littéraires",1878,fre,Paris,Q90,48.85666666666667,2.352222222222222
11337874,Leven van Zuster Rosalia,1862,dut,Mechelen,Q162022,51.028055555555554,4.480277777777777
22070468,Geogenische und geognostische Studien auf einer Reise durch Russland und den Ural,1862,ger,Darmstadt,Q2973,49.866666666667,8.65
12592657,Mémoires de l'Académie Impériale de Médecine,1867,fre,Paris,Q90,48.85666666666667,2.352222222222222
11997678,"Carmen Saeculare Belgicum (1879-1887). Summo Pontifici Leoni XIII, occasione Suae Sanctitatis a sacro presbyteratu anniversarii quinquagesimi oblatum dedicatumque",1887,lat,Brussels,Q239,50.846666666666664,4.351666666666667
22264032,Anvers & la nationalité Belge,0,fre,Unknown,,,
11673033,De la suppression du péage de l'Escaut,1862,fre,Namur,Q134121,50.466666666667,4.8666666666667
13223670,Aanteekeningen betreffende eene reis door de Molukken,1856,dut,The Hague,Q36600,52.08,4.31
12576673,Ambroise Paré d'après de nouveaux Documents découverts aux Archives Nationales et des Papiers de Famille,1884,fre,Paris,Q90,48.85666666666667,2.352222222222222
13416832,Dictionnaire de procédure civile et commerciale,1850,fre,Paris,Q90,48.85666666666667,2.352222222222222
13459808,Lo studio generale a Mondovi (1560-1566),1895,ita,Turin,Q495,45.079166666666666,7.676111111111111
12852240,Sermoenen op de Gedachtenis der geloovige zielen,1898,dut,Bruges,Q12994,51.208888888888886,3.224166666666666
11661571,Inventaire général analytique des archives de la ville et de l'église primaire de Saint-Nicolas (Waes),1872,fre,Brussels,Q239,50.846666666666664,4.351666666666667
11661571,Inventaire général analytique des archives de la ville et de l'église primaire de Saint-Nicolas (Waes),1872,fre,Ghent,Q1296,51.05361111111111,3.725277777777778
11661571,Inventaire général analytique des archives de la ville et de l'église primaire de Saint-Nicolas (Waes),1872,fre,Leipzig,Q2079,51.3406321,12.3747329
11719491,"Commentaire de la loi du 18 avril 1851 sur les faillites, banqueroutes et sursis",1851,fre,Brussels,Q239,50.846666666666664,4.351666666666667
11668121,"De Aftocht van Moscou, of lotgevallen van een Belgisch soldaat in Rusland",1880,dut,Ghent,Q1296,51.05361111111111,3.725277777777778
12045242,Bulletin de l'Association littéraire internationale,1883,fre,Paris,Q90,48.85666666666667,2.352222222222222
11539582,Essai d'interprétation de l'action évacuante du tartre stibié,1878,fre,Liège,Q3992,50.639722222222225,5.570555555555556
11917048,Méthode analytique & synthétique de lecture,1886,fre,Namur,Q134121,50.466666666667,4.8666666666667
12597487,Le parc de Bruxelles,1849,fre,Brussels,Q239,50.846666666666664,4.351666666666667
12096853,Journal de la Société d'archéologie et du Comité du musée Lorrain,1840,fre,Nancy,Q40898,48.692777777778,6.1836111111111
22469572,Leesboekje voor onze vlaamsche scholen,1889,dut,Brussels,Q239,50.846666666666664,4.351666666666667
12265260,Élans du coeur,1855,fre,Ghent,Q1296,51.05361111111111,3.725277777777778
12672180,"Généalogie historique, anecdotique et critique de la maison Du Prat",1857,fre,Versailles,Q621,48.805,2.135
11983077,De lone Chio,1890,lat,Paris,Q90,48.85666666666667,2.352222222222222
12015784,Le codex bruxellensis,1876,fre,Ghent,Q1296,51.05361111111111,3.725277777777778
11292419,Congrès général d'hygiène de Bruxelles,1852,fre,Brussels,Q239,50.846666666666664,4.351666666666667
11773897,Le crime du 4 septembre,1871,fre,Brussels,Q239,50.846666666666664,4.351666666666667
11697149,Épilepsie et autres maladies nerveuses,1878,fre,Liège,Q3992,50.639722222222225,5.570555555555556
13536860,Une page d'histoire de l'ancien couvent des FF. Mineurs Capucins de Bruges,1867,fre,Bruges,Q12994,51.208888888888886,3.224166666666666
22266034,D. O. M.,1845,fre,Namur,Q134121,50.466666666667,4.8666666666667
13549607,Oeuvres et correspondance inédites de J. J. Rousseau,1861,fre,Paris,Q90,48.85666666666667,2.352222222222222
13712761,"Joyeuse entrée et inauguration de l'archiduc Charles à Anvers, en 1515",,fre,Brussels,Q239,50.846666666666664,4.351666666666667
12910698,Constitution de l'espace céleste,1889,fre,Paris,Q90,48.85666666666667,2.352222222222222
13587933,Catalogue of works of industrie and art sent from Sweden,1862,eng,London,Q84,51.507222222222,-0.1275
11330688,Le bienheureux Jean Berchmans de la compagnie de Jésus,1866,fre,Brussels,Q239,50.846666666666664,4.351666666666667
11330688,Le bienheureux Jean Berchmans de la compagnie de Jésus,1866,fre,Paris,Q90,48.85666666666667,2.352222222222222
11330688,Le bienheureux Jean Berchmans de la compagnie de Jésus,1866,fre,’s-Hertogenbosch,Q2766547,51.7,5.3166666666667
11821325,Lethaea geognostica oder abbildung und beschreibung der für die gebirgs-formationen bezeichnendsten,1850,ger,Stuttgart,Q1022,48.7775,9.18
12485658,Le droit international dans les rapports des slaves méridionaux au moyen âge,1896,fre,Brussels,Q239,50.846666666666664,4.351666666666667
12485658,Le droit international dans les rapports des slaves méridionaux au moyen âge,1896,fre,The Hague,Q36600,52.08,4.31
12485658,Le droit international dans les rapports des slaves méridionaux au moyen âge,1896,fre,Paris,Q90,48.85666666666667,2.352222222222222
12988859,De la Lésion à l'Egard des Mineurs dans le Droit Romain et dans le Droit Français,1883,fre,Carpentras,Q202560,44.055,5.0480555555556
12079295,Cours d'accouchements,1869,fre,Leuven,Q118958,50.8775,4.704444
13655350,"Alumni pontificii collegii Urbani de propaganda fide, anno 1859",1859,lat,Rome,Q220,41.893055555556,12.482777777778
11852694,Rapport sur les progrès de la Chirurgie,1867,fre,Paris,Q90,48.85666666666667,2.352222222222222
13014045,Histoire de la Savoie et du Piémont,1883,fre,Tours,Q288,47.392777777778,0.68833333333333
11811047,Arthur de Cantorbry et Jules Péronnet,1847,fre,Péruwelz,Q668630,50.5117549,3.5889334
12578124,Histoire du Roi de Rome (Duc de Reichstadt),1852,fre,Paris,Q90,48.85666666666667,2.352222222222222
13240703,Doctrine de la Nouvelle-Jérusalem sur l'Écriture Sainte,1855,fre,Saint-Amand,Q1067570,50.164722222222,2.5586111111111
13240703,Doctrine de la Nouvelle-Jérusalem sur l'Écriture Sainte,1855,fre,Paris,Q90,48.85666666666667,2.352222222222222
11494340,Exposition des académies et écoles des beaux-arts et congrès de l'enseignement des arts du dessin,1869,fre,Brussels,Q239,50.846666666666664,4.351666666666667
12020348,Voltaire au Château de Cirey,1868,fre,Paris,Q90,48.85666666666667,2.352222222222222
13139690,Le Cardinal de Richelieu,1870,fre,Paris,Q90,48.85666666666667,2.352222222222222
11999468,Art poétique d'Horace,1846,fre,Paris,Q90,48.85666666666667,2.352222222222222
12090697,Simples lectures préparant à l'étude de la géographie,1889,fre,Brussels,Q239,50.846666666666664,4.351666666666667
12133634,"Rome, ses monuments, ses souvenirs.",1890,fre,Lille,Q648,50.631944444444,3.0575
12133634,"Rome, ses monuments, ses souvenirs.",1890,fre,Bruges,Q12994,51.208888888888886,3.224166666666666
12517879,Poésies chrétiennes,1896,fre,Namur,Q134121,50.466666666667,4.8666666666667
13456166,Lehrbuch der Eisen-Emaillirkunst,1851,ger,Brunswick,Q2773,52.269166666667,10.521111111111
11260850,Le prince des prosateurs,1899,fre,Brussels,Q239,50.846666666666664,4.351666666666667
12549922,Die Schwestern,1883,ger,Stuttgart,Q1022,48.7775,9.18
12014661,"Livres payés en vente publique 1000fr et au-dessus, Depuis 1866 jusqu'à ce jour aperçu sur la vente Perkins à Londres",1877,fre,Bordeaux,Q1479,44.837777777778,-0.57944444444444
22121160,Memorial addresses on the life and character of Michael Crawford Keer,1877,eng,"Washington, D.C.",Q61,38.895,-77.036666666667
11590034,Exercices d'arithmétique pour les écoles primaires,1879,fre,Leuven,Q118958,50.8775,4.704444
11630744,Twee novellen,1880,dut,Antwerp,Q12892,51.221111111111114,4.3997222222222225
14989134,"Lettre et rapport du Comité de l'Assemblée du Commerce de Bruxelles, a Messieurs du Magistrat, sur le projet de l'abolition des douanes dans les Pays-Bas autrichiens",1788,fre,Brussels,Q239,50.846666666666664,4.351666666666667
13123241,Notice sur les travaux scientifiques de M. Oechsner de Coninck,1884,fre,Paris,Q90,48.85666666666667,2.352222222222222
11586432,Société libre d'Émulation de Liège.,1879,fre,Liège,Q3992,50.639722222222225,5.570555555555556
11404232,Epitre à Monsieur Bouniol de Saint-Geniez,1852,fre,Paris,Q90,48.85666666666667,2.352222222222222
12021269,The New American Practical Navigator,1874,eng,"Washington, D.C.",Q61,38.895,-77.036666666667
12030823,"Analyse alphabétique des lois, ordonnances et règlements généraux de police en vigueur en Belgique",1898,fre,Tournai,Q173219,50.605555555555554,3.388055555555556
13356738,Faculté de Droit de Bordeaux,1894,fre,Bordeaux,Q1479,44.837777777778,-0.57944444444444
11357452,Evangile d'amour,1887,fre,Paris,Q90,48.85666666666667,2.352222222222222
13011627,An account of the Wild Tribes,1865,eng,Paris,Q90,48.85666666666667,2.352222222222222
13496940,La chasse a l'idéal,1867,fre,Paris,Q90,48.85666666666667,2.352222222222222
12489264,Volledige Cursus der fransche taal,,multiple languages,Brussels,Q239,50.846666666666664,4.351666666666667
12704852,1815,1898,fre,Paris,Q90,48.85666666666667,2.352222222222222
11536087,Au bagne,1877,fre,Brussels,Q239,50.846666666666664,4.351666666666667
13449812,Traité complet de l'anatomie des animaux domestiques,1840,fre,Paris,Q90,48.85666666666667,2.352222222222222
12567417,Lettres écrites en Russie et en Sibérie,1863,rus,Norrköping,Q25724,58.579331104671,16.149318388303
11736212,Frederik van Heilo en zijn schriften,1866,dut,Amsterdam,Q727,52.36666666666667,4.883333333333333
11457009,Guide to Spa,1875,eng,Spa,Q39865,50.49227719677235,5.862210536826656
12764605,Sprachlehre um nach Ollendorff's Methode mittelst Selbstunterricht in der fürzeft möglichen Zeit (...),1850,ger,Budapest,Q1781,47.498333333333,19.040833333333
13654349,A roll of the graduates of the University of Glasgow from 31st December 1727 to 31st December 1897,1898,eng,Glasgow,Q4093,55.861111111111114,-4.25
12740989,Traité de la génération des animaux,1887,fre,Paris,Q90,48.85666666666667,2.352222222222222
12612067,Collégiale de Sainte Pharaïlde à Gand,1852,fre,Ghent,Q1296,51.05361111111111,3.725277777777778
12245718,Notice sur deux monuments anciens,1848,fre,Unknown,,,
13601423,Rembrandt Harmens Van Rijn,1863,fre,The Hague,Q36600,52.08,4.31
13213333,Registers op het archief,1856,dut,Arnhem,Q1310,51.983333333333,5.9166666666667
12336744,Certamen literario que para conmemorar el segundo centanario del fallecimiento del dramatico insigne D. Pedro Calderon de la Barca celebraron la Universidad de Barcelona y el instituto provincial de 2.a enseñanza el dia 25 de Mayo 1881,1881,spa,Barcelona,Q1492,41.3825,2.1769444444444
13257742,Ueber die Contagiosität der Eingeweidewürmer nach Versuchen und über das physiologische Leben der mikroskopischen Zellen nach empirischen thatsachen,1844,ger,Jena,Q3150,50.927222222222,11.586388888889
11707170,Muséum des sciences naturelles de Lyon,1884,fre,Lyon,Q456,45.7675,4.835
11707170,Muséum des sciences naturelles de Lyon,1884,fre,Geneva,Q71,46.2,6.15
11707170,Muséum des sciences naturelles de Lyon,1884,fre,Basel,Q78,47.560555555556,7.5905555555556
13741360,Cazin,1876,fre,Châlons-en-Champagne,Q47135,48.956666666667,4.3644444444444
13107841,Lettres sur L'Adriatique et le Monténégro,1853,fre,Brussels,Q239,50.846666666666664,4.351666666666667
13000354,Bibliothèque archéologique,1846,fre,Paris,Q90,48.85666666666667,2.352222222222222
12129740,La guerre privée dans le comté de Hainaut aux treizième et quatorzième siècles,1890,fre,Brussels,Q239,50.846666666666664,4.351666666666667
12378483,"Ceremonies des gages de bataille, selon l'ordonnance de Philippe le Bel",1830,fre,Paris,Q90,48.85666666666667,2.352222222222222
13657181,On the historical antiquity of the people of Egypt,1863,eng,London,Q84,51.507222222222,-0.1275
12059872,The debate on the motion for the second reading of the bill on Capital Punishment abolition,1869,eng,London,Q84,51.507222222222,-0.1275
22221437,Le protectionnisme,1886,fre,Paris,Q90,48.85666666666667,2.352222222222222
12012012,Oeuvres complètes d'Horace,1858,fre,Paris,Q90,48.85666666666667,2.352222222222222
13701205,Le Marxisme et son critique Bernstein,1900,fre,Paris,Q90,48.85666666666667,2.352222222222222
12863968,Exercices de lecture élémentaire,1890,fre,Ghent,Q1296,51.05361111111111,3.725277777777778
12588188,Nana,1882,fre,Paris,Q90,48.85666666666667,2.352222222222222
13490755,Handlerifon zu den Quellen des römischen Rechts,1895,ger,Jena,Q3150,50.927222222222,11.586388888889
11896972,Gedachten over opvoeding en onderwijs,1886,dut,Ghent,Q1296,51.05361111111111,3.725277777777778
11903636,Hulde aan Broeder Marès.,1886,dut,Ghent,Q1296,51.05361111111111,3.725277777777778
13684419,Contes et nouvelles de La Fontaine,1858,fre,Paris,Q90,48.85666666666667,2.352222222222222
12021738,Table of land grant railroads,1876,eng,"Washington, D.C.",Q61,38.895,-77.036666666667
11792123,Réclamation contre les décrèts sur l'exercice de la police extérieure des cultes présentée à l'Administration centrale du département des deux Nèthes par les curés d'Anvers,1796,fre,Antwerp,Q12892,51.221111111111114,4.3997222222222225
11299321,Poésies champêtres d'Horace,1865,fre,Paris,Q90,48.85666666666667,2.352222222222222
12463409,"Pensées de Blaise Pascal dans leur texte authentique et selon l'ordre voulu par l'auteur, précédées de documents sur sa vie et suivies de ses principaux opuscules",1896,fre,Bruges,Q12994,51.208888888888886,3.224166666666666
12463409,"Pensées de Blaise Pascal dans leur texte authentique et selon l'ordre voulu par l'auteur, précédées de documents sur sa vie et suivies de ses principaux opuscules",1896,fre,Lille,Q648,50.631944444444,3.0575
13410515,Histoire des corps de troupe,1887,fre,Paris,Q90,48.85666666666667,2.352222222222222
11428290,Rapport sur une communication de documents,1864,fre,Lille,Q648,50.631944444444,3.0575
11306007,Oeuvres de Vergniaud - Guadet - Gensonné,1866,fre,Paris,Q90,48.85666666666667,2.352222222222222
11664535,Cartulaire de Saint-Vallier,1870,fre,Paris,Q90,48.85666666666667,2.352222222222222
11664535,Cartulaire de Saint-Vallier,1870,fre,Valence,Q8848,44.9325,4.8908333333333
11664535,Cartulaire de Saint-Vallier,1870,fre,Saint-Vallier,Q219321,45.178611111111,4.8152777777778
13010298,Das Theseion und der Tempel des Ares in Athen,1852,ger,Halle (Saale),Q2814,51.48277777777778,11.969722222222222
13081040,"Das ehemalige Spitalzum h. Jacob, nachher klarissen Kloster",1836,ger,Aachen,Q1017,50.776207,6.083788
13683374,Températures critiques de dissolution,1895,fre,Brussels,Q239,50.846666666666664,4.351666666666667
13425348,De Tulpenhandel,1846,dut,Middelburg,Q52101,51.499722222222,3.6136111111111
13703077,Handbuch der deutschen Mythologie mit Einschluss der nordischen,1864,ger,Bonn,Q586,50.735277777777775,7.102222222222222
11629007,"Analyse et Extraits de Quelques Pièces des Meilleurs Auteurs Dramatiques Français, suivis d'Esther et d'Athalie",1839,fre,Namur,Q134121,50.466666666667,4.8666666666667
11938154,Oeuvres poétiques de Jules Breton (1867-1886),1887,fre,Paris,Q90,48.85666666666667,2.352222222222222
12773432,Der Attische Process,1883,ger,Berlin,Q64,52.516666666667,13.383333333333
13053049,Systematische beschrijving der dieren,1851,dut,Leiden,Q43631,52.16,4.49
11333028,Introduction à la chimie inorganique,1863,fre,Huy,Q207095,50.516666666667,5.2333333333333
13492907,Dictionnaire grec-français,1895,fre,Paris,Q90,48.85666666666667,2.352222222222222
11685345,Note sur quelques théorèmes généraux de géométrie supérieure,1869,fre,Brussels,Q239,50.846666666666664,4.351666666666667
13585152,Les grands Guignols,1872,fre,Paris,Q90,48.85666666666667,2.352222222222222
13444966,Richard von St Victor und Joannes Ruysbroek,1838,ger,Erlangen,Q3126,49.5925,11.005
13578583,Geologische Beschrijving van Java en Madoera,1896,dut,Amsterdam,Q727,52.36666666666667,4.883333333333333
13100807,Breviarium romanum,1892,lat,Tournai,Q173219,50.605555555555554,3.388055555555556
11651270,L'Australasie,1881,fre,Antwerp,Q12892,51.221111111111114,4.3997222222222225
13303922,Beknopte natuurgeschiedenis (dier- en plantenkunde),1894,multiple languages,Namur,Q134121,50.466666666667,4.8666666666667
12976669,Katalog des Königl rheinischen Museums vaterländischer Alterthümer,1851,ger,Bonn,Q586,50.735277777777775,7.102222222222222
13247643,A short history of the Norman Conquest of England,1887,eng,Oxford,Q34217,51.751944444444,-1.2577777777778
11690823,Les catholiques aiment-ils la constitution?,1874,fre,Namur,Q134121,50.466666666667,4.8666666666667
12040450,Titian,1877,eng,London,Q84,51.507222222222,-0.1275
12764226,La question scolaire,1899,fre,Antwerp,Q12892,51.221111111111114,4.3997222222222225
12507840,Beitrag zu einer wissenschaftlichen Grundlage für etymologische Untersuchungen auf dem Gebiete der französischen Sprache,1883,ger,Bonn,Q586,50.735277777777775,7.102222222222222
12667259,Moedertaal,1898,dut,Lier,Q12460,51.13111111111111,4.5697222222222225
12636650,Oras completas,1881,fre,Santiago,Q2887,-33.4375,-70.65
13122346,Triton und Euphemos oder die Argonauten in Lybien,1849,ger,Kazan,Q900,55.790833333333,49.114444444444
12091637,La grande Catherine,1890,fre,Verviers,Q202954,50.583333333333,5.85
12088160,Pierre Gringore et les Comédiens Italiens,1878,fre,Paris,Q90,48.85666666666667,2.352222222222222
11994276,Andrée,1875,fre,Paris,Q90,48.85666666666667,2.352222222222222
22292621,Rapport du major Liagre sur deux mémoires envoyés au concours de 1860,1860,fre,Brussels,Q239,50.846666666666664,4.351666666666667
11828894,Florule mycologique des environs de Bruxelles,1884,fre,Ghent,Q1296,51.05361111111111,3.725277777777778
12226629,"Lectures choisies. La Belgique pittoresque, monumentale et littéraire",1892,fre,Brussels,Q239,50.846666666666664,4.351666666666667
12303599,Réponse à l'examen critique de M. Stanislas Julien,1842,fre,Paris,Q90,48.85666666666667,2.352222222222222
13298512,Guide médical des Antilles et des régions intertropicales,1840,fre,Paris,Q90,48.85666666666667,2.352222222222222
13060391,Bibliographie des éditions originales d'auteurs français,1882,fre,Paris,Q90,48.85666666666667,2.352222222222222
12859097,Les agrandissements d'Anvers en 1549,1881,fre,Brussels,Q239,50.846666666666664,4.351666666666667
13610804,Recherches historiques sur la kermesse de Mons,1848,fre,Brussels,Q239,50.846666666666664,4.351666666666667
12311723,Ungarn's Fall,1851,ger,Cologne,Q365,50.942222222222,6.9577777777778
15551544,"Représentation faite aux Etats de Brabant, par les députés du corps des armateurs de la pêche nationale à Ostende. Du 2 juillet 1787",1787,fre,Ostend,Q12996,51.225833333333334,2.9194444444444443
11269355,Histoire de la littérature grecque jusqu'à Alexandre-le-Grand,1865,fre,Paris,Q90,48.85666666666667,2.352222222222222
11799468,Le faux miracle du Saint Sacrement à Bruxelles,1874,fre,Brussels,Q239,50.846666666666664,4.351666666666667
13263380,Dinamo-magnetometro,1837,ita,Modena,Q279,44.64582,10.92572
12894350,De l'architecture contemporaine,1846,fre,Paris,Q90,48.85666666666667,2.352222222222222
12526269,Adolphe,1882,fre,Paris,Q90,48.85666666666667,2.352222222222222
13383840,Geschichte Spaniens von den frühesten zeiten bis auf die Gegenwaart,1895,ger,Berlin,Q64,52.516666666667,13.383333333333
11565633,Leçons de Choses en Français et en Néerlandais / Aanschouwelijke Lessen in het Fransch en in het Nederlandsch,1878,multiple languages,Brussels,Q239,50.846666666666664,4.351666666666667
13450569,Oeuvres posthumes,1872,fre,Brussels,Q239,50.846666666666664,4.351666666666667
12024234,Geschiedenis van de Gelukzalige Margaretha-Maria en den Oorsprong der Devotie tot Jesus' Hart,1888,dut,Ghent,Q1296,51.05361111111111,3.725277777777778
12680988,Syntaxe latine abrégée,1898,fre,Tournai,Q173219,50.605555555555554,3.388055555555556
15097212,"Discours Adressé à Messeigneurs les Etats du Brabant, en leur Assemblée. Le 17 juillet 1787",1787,fre,Brussels,Q239,50.846666666666664,4.351666666666667
13392001,Bibliotheca Lindesiana,1886,eng,London,Q84,51.507222222222,-0.1275
13025659,Vita di S. Luigi Gonzaga della Compagnia di Gesu,1891,ita,Rome,Q220,41.893055555556,12.482777777778
12743788,Traité de chimie pharmaceutique,1899,fre,Liège,Q3992,50.639722222222225,5.570555555555556
13277861,Pequeneces,1891,spa,Bilbao City,Q31913753,43.26035,-2.93341
12118295,Direction pour rassurer dans leurs doutes les âmes vouées à la piété,1890,fre,Brussels,Q239,50.846666666666664,4.351666666666667
11716717,Discours du genre délibératif,1883,fre,Braine-le-Comte,Q95129,50.609722222222224,4.136111111111111
12035742,Anathème à la Guerre!,1889,fre,Brussels,Q239,50.846666666666664,4.351666666666667
12035742,Anathème à la Guerre!,1889,fre,Geneva,Q71,46.2,6.15
12035742,Anathème à la Guerre!,1889,fre,Paris,Q90,48.85666666666667,2.352222222222222
12281486,Catalogo da Bibliotheca Municipal,1878,por,Rio de Janeiro,Q8678,-22.91111111111111,-43.20555555555555
12748520,La nationalité des Ubiens,1899,fre,Brussels,Q239,50.846666666666664,4.351666666666667
11827004,Lettres sur la religion,1869,fre,Paris,Q90,48.85666666666667,2.352222222222222
13033181,Socialisme égalitaire,1849,fre,Laon,Q167141,49.56444444444445,3.620555555555556
11330764,Recueil de Jurisprudence Notariale,1865,fre,Brussels,Q239,50.846666666666664,4.351666666666667
11330764,Recueil de Jurisprudence Notariale,1865,fre,Paris,Q90,48.85666666666667,2.352222222222222
11307649,El génesis de nuestra raza. El catolicismo y la democracia. Los comuneros del Paraguay,1899,spa,Buenos Aires,Q1486,-34.599722222222,-58.381944444444
12483445,"Petit cours d'histoire de Belgique, rédigé conformément au programme des écoles primaires et des sections préparatoires des écoles moyennes",1895,fre,Brussels,Q239,50.846666666666664,4.351666666666667
12726469,History of the regency and reign King George the fourth,1830,eng,London,Q84,51.507222222222,-0.1275
11884002,La Caverna ossifera di Frasassi,1872,ita,Ancona,Q3415,43.616666666667,13.516666666667
11670422,Mémoires d'un bourgeois de Paris,1856,fre,Paris,Q90,48.85666666666667,2.352222222222222
13122198,Deuxième notice sur les travaux scientifiques de M. Camille Dareste,1879,fre,Paris,Q90,48.85666666666667,2.352222222222222
11716994,Étude sur les divers systèmes de serres,1891,fre,Ghent,Q1296,51.05361111111111,3.725277777777778
13367103,La photographie appliquée à l'archéologie,1879,fre,Paris,Q90,48.85666666666667,2.352222222222222
11673380,Procès en diffamation,1863,fre,Brussels,Q239,50.846666666666664,4.351666666666667
13613519,Mémoire sur l'organisation de l'enseignement moyen,1853,fre,Brussels,Q239,50.846666666666664,4.351666666666667
11705521,Commentarius in Acta Apostolorum,1837,lat,Mechelen,Q162022,51.028055555555554,4.480277777777777
12257890,La Badia o trappa di Casamari nel suo doppio aspetto monumentale e storico brevemente descritta,1878,ita,Rome,Q220,41.893055555556,12.482777777778
12381463,Hommage à la mémoire de la princesse de Liévin,1828,fre,Saint Petersburg,Q656,59.95,30.316666666667
13338602,"Till ähörande af de offentliga föredrag, hvarmed Professoren i ryska spräket och litteraturen",1868,swe,Helsinki,Q1757,60.170833333333334,24.9375
11676770,Die Papageien,1867,ger,Leiden,Q43631,52.16,4.49
13553998,Das herzogliche Kunstkabinet zu Gotha,1846,ger,Gotha,Q6986,50.948888888889,10.718333333333
12785113,Nécrologe et cartulaire des Dominicains de Grenoble,1870,fre,Romans-sur-Isère,Q239078,45.045555555556,5.0508333333333
11335078,"Manuel du service sanitaire de l'armée, des prisons, des chemins de fer",1864,fre,Brussels,Q239,50.846666666666664,4.351666666666667
12014613,De Bedelares van Saint-Eustache of de Wroeging,1888,dut,Ghent,Q1296,51.05361111111111,3.725277777777778
12994351,"Droit romain, de la preuve littérale. Droit français, de la force probante de l'acte notarié",1884,fre,Dijon,Q7003,47.323055555556,5.0419444444444
12422803,België en de Kongo,1895,dut,Maldegem,Q12896,51.2089,3.4464
12183096,La fin de la littérature classique allemande et la jeune Allemagne,1891,fre,Brussels,Q239,50.846666666666664,4.351666666666667
12900596,Vie et aventures de John Davys,1840,fre,Brussels,Q239,50.846666666666664,4.351666666666667
12070849,Contribution à l'étude profane de la Bible,1889,fre,Paris,Q90,48.85666666666667,2.352222222222222
12144268,Cours complet d'économie domestique et d'alimentation,1890,fre,Namur,Q134121,50.466666666667,4.8666666666667
12511674,Leçons de trigonométrie sphérique,1844,fre,Brussels,Q239,50.846666666666664,4.351666666666667
11263218,Étude d'histoire sociale. La Noblesse française sous Richelieu,1901,fre,Paris,Q90,48.85666666666667,2.352222222222222
12144122,Du jury,1828,fre,Brussels,Q239,50.846666666666664,4.351666666666667
12802149,Leçons d'Arithmétique élémentaire,1900,fre,Tournai,Q173219,50.605555555555554,3.388055555555556
13289123,"Des crises commerciales et de leur retour periodique en France, en Angleterre et aux Etats-Unis",1862,fre,Paris,Q90,48.85666666666667,2.352222222222222
12023321,"Preliminary report upon invertebrate fossils collected by the expeditions 1871, 1872, and 1873",1874,eng,"Washington, D.C.",Q61,38.895,-77.036666666667
11491384,De Arme Schoolmeester. Oranje in de Kempen.,1876,dut,Antwerp,Q12892,51.221111111111114,4.3997222222222225
11846790,Liste des membres de l'association des ingénieurs sortis de l'école de Liège,1850,fre,Liège,Q3992,50.639722222222225,5.570555555555556
11645216,Lexicon,1871,ger,Leipzig,Q2079,51.3406321,12.3747329
13448864,"Programme détaillé du cours complet de mathématiques élémentaires,",1832,fre,Paris,Q90,48.85666666666667,2.352222222222222
12965311,Liste générale et alphabétique des villes et communes de la Belgique,1837,fre,Namur,Q134121,50.466666666667,4.8666666666667
12254565,De laatste werken door het Davidsfonds uitgegeven,1892,dut,Ghent,Q1296,51.05361111111111,3.725277777777778
11612200,Compagnie générale pour l'éclairage et le chauffage par le gaz,1868,fre,Brussels,Q239,50.846666666666664,4.351666666666667
22193759,Aardrijksundige beschrijving van Midden-Sumatra,1882,dut,Leiden,Q43631,52.16,4.49
13472939,"Glossaire roman des Chroniques rimées de Godefroid de Bouillon, du Chevalier au Cygne et de Gilles de Chin",1859,fre,Brussels,Q239,50.846666666666664,4.351666666666667
15102782,"Adres voor-te-draegen aen de doorluchtige vergaedering der Staeten van Braband, door menigvuldige borgers en land-genooten van allen slach en rang",1790,dut,Brussels,Q239,50.846666666666664,4.351666666666667
13455308,Bestimmungen über Handel and Schifffahrt der Vereinigten Staaten von Nord Amerika,1855,ger,Vienna,Q1741,48.208333333333336,16.3725
11520593,Abdication de Charles-Quint,1841,fre,Ghent,Q1296,51.05361111111111,3.725277777777778
12056542,Nouveau dictionnaire de poche flamand-français et français-flamand,1852,fre,Mechelen,Q162022,51.028055555555554,4.480277777777777
17204157,Congrès international de thalassothérapie,1896,fre,Ostend,Q12996,51.225833333333334,2.9194444444444443
12461056,Mac-Mahon et Canrobert,1896,fre,Bruges,Q12994,51.208888888888886,3.224166666666666
12160563,État de la question des eaux d'égout en France et à l'étranger,1877,fre,Nancy,Q40898,48.692777777778,6.1836111111111
12136271,Il fanciullo alla Cresima,1890,ita,Rome,Q220,41.893055555556,12.482777777778
12136271,Il fanciullo alla Cresima,1890,ita,Naples,Q2634,40.83583333333333,14.248611111111112
11763311,Les véritables causes de la guerre,1871,fre,Brussels,Q239,50.846666666666664,4.351666666666667
11834824,Critiques militaires,1871,fre,Paris,Q90,48.85666666666667,2.352222222222222
12285884,Les Druides,1844,fre,Paris,Q90,48.85666666666667,2.352222222222222
12344937,"Zal er een kwaad in de Stad zijn, dat de Heer niet doet?",1832,dut,Rotterdam,Q34370,51.92,4.48
12384864,Le livre des visions et instructions de la Bienheureuse Angèle de Foligno,1895,fre,Brussels,Q239,50.846666666666664,4.351666666666667
11703392,"Courage, St-Père, courage!",1881,fre,Leuven,Q118958,50.8775,4.704444
12205107,Notice historique sur la vie et les travaux de Victor Cousin,1869,fre,Paris,Q90,48.85666666666667,2.352222222222222
12558486,De heilige Rosa van Viterbië,1897,dut,Ghent,Q1296,51.05361111111111,3.725277777777778
11275038,La celebre contesa fra S.Stefano e S. Cipriano,1862,ita,Rome,Q220,41.893055555556,12.482777777778
12846755,L'Art Chrétien et l'Ecole Allemande,1856,fre,Paris,Q90,48.85666666666667,2.352222222222222
15099949,"Aen Myne zeer Eerweêrde Heeren die Raedslieden, Litmaeten van den Souvereynen Raede Van Brabant, actuelyk binnen de Stad Antwerpen residerende",1788,dut,Unknown,,,
12877580,Traité de change,1843,fre,Liège,Q3992,50.639722222222225,5.570555555555556
12733487,"Deflection of the permanent way under running trains from observations carried out in 1897, on the Warsaw-Vienna railway",1898,eng,Brussels,Q239,50.846666666666664,4.351666666666667
11451032,L'ombre de la marquise de Créquy,1835,fre,Paris,Q90,48.85666666666667,2.352222222222222
22262150,L'apocalypse et Rome papale,1877,fre,Paris,Q90,48.85666666666667,2.352222222222222
12735452,"Drabos en Peer Startens de ontwikkeling des kwaads, de drank, de invloed der vrouw",1899,dut,Aalst,Q13121,50.93833333333333,4.039166666666667
17204494,"Compte-rendu du Congrès international colonial, sous le haut patronage de S. M. le Roi des Belges",1897,fre,Brussels,Q239,50.846666666666664,4.351666666666667
12650922,Deventer's oudste Stadrecht (1448),1866,dut,Deventer,Q10001,52.25,6.166666666666667
12276371,Notice sur la grande carte topographique de la France dite carte de l'état-major,1853,fre,Paris,Q90,48.85666666666667,2.352222222222222
13470444,Simples esquisses de la guerre,,fre,London,Q84,51.507222222222,-0.1275
12882267,"Recueil de spots, expressions, termes, axiomes, dictons et proverbes wallons en dialecte de Stavelot",1901,fre,Liège,Q3992,50.639722222222225,5.570555555555556
12991521,"Du droit de préférence entre créanciers hypothécaires, en droit romain et en droit français",1880,fre,Toulouse,Q7880,43.60444444444445,1.4433333333333334
12738805,Philosophie ésotérique de l'Inde,1899,fre,Brussels,Q239,50.846666666666664,4.351666666666667
12247257,Thirteenth annual report of Edinburgh original ragged industrial schools (...) for the year ending 30th November 1859,1860,eng,Edinburgh,Q23436,55.95333333333333,-3.1891666666666665
11785331,"Histoire de Jeanne d'Albret, Reine de Navarre",1823,fre,Paris,Q90,48.85666666666667,2.352222222222222
12808903,Histoire du prince royal duc d'Orléans,1842,fre,Paris,Q90,48.85666666666667,2.352222222222222
13553957,Das Grüne Gewölbe in Dresden,1839,ger,Dresden,Q1731,51.0493286,13.7381437
13553957,Das Grüne Gewölbe in Dresden,1839,ger,Leipzig,Q2079,51.3406321,12.3747329
13065895,Dissertatio de latine scriptis quae graeci veteres in linguam suam transtulerunt,1852,lat,Kassel,Q2865,51.315777777778,9.4979166666667
12591087,De sacramentis in specie,1897,lat,Tournai,Q173219,50.605555555555554,3.388055555555556
11948317,Bemerkungen über ein Paar Schlesische Säughthierarten (...),1826,ger,Unknown,,,
13675903,Traité de droit commercial maritime,1878,fre,Paris,Q90,48.85666666666667,2.352222222222222
11265805,Les fastes de Versailles,1844,fre,Paris,Q90,48.85666666666667,2.352222222222222
13201798,Etablissements de produits chimiques,1855,fre,Brussels,Q239,50.846666666666664,4.351666666666667
11298463,Inventaire analytique des archives anciennes de la mairie d'Angers,1861,fre,Paris,Q90,48.85666666666667,2.352222222222222
11298463,Inventaire analytique des archives anciennes de la mairie d'Angers,1861,fre,Angers,Q38380,47.472777777778,-0.55555555555556
13482544,"Oeuvres oratoires de Challemel-Lacour, de l'académie française",1897,fre,Paris,Q90,48.85666666666667,2.352222222222222
11815894,Voyages dans l'Amérique septentrionale,1874,fre,Paris,Q90,48.85666666666667,2.352222222222222
11561385,"Histoire du moyen-âge, à l'usage des athénées royaux et des collèges",1878,fre,Mons,Q83407,50.45472222222222,3.9525
11561385,"Histoire du moyen-âge, à l'usage des athénées royaux et des collèges",1878,fre,Brussels,Q239,50.846666666666664,4.351666666666667
11663545,Contre-mandement de carême,1858,fre,Brussels,Q239,50.846666666666664,4.351666666666667
11294429,Die Durchquerungen Afrikas,1884,ger,Berlin,Q64,52.516666666667,13.383333333333
12421570,Exercices de calcul différentiel,1894,fre,Liège,Q3992,50.639722222222225,5.570555555555556
13330434,Secret politique de Napoléon,1853,fre,Paris,Q90,48.85666666666667,2.352222222222222
22284412,Droit romain ; Origine de l'Action en garantie d'éviction,1889,fre,Bourg,Q715671,45.04,-0.55722222222222
12104036,"Verslag van het bestuur der afdeeling 's Gravenhage van de vereeniging Nederlandsche Mettray, over 1854",1854,dut,The Hague,Q36600,52.08,4.31
12557948,Vingt Années de République Parlementaire au Dix-Septième Siècle,1884,fre,Paris,Q90,48.85666666666667,2.352222222222222
12351955,La Jeunesse et l'évangile,1868,fre,Paris,Q90,48.85666666666667,2.352222222222222
11320203,Histoire de la Littérature Italienne,1867,fre,Paris,Q90,48.85666666666667,2.352222222222222
11559528,"Léopold Ier et Léopold II,",1878,fre,Brussels,Q239,50.846666666666664,4.351666666666667
13298538,Bibliographie de l'Orient Latin,1885,fre,Paris,Q90,48.85666666666667,2.352222222222222
22535080,La collezione litologica che con tanto amore e squisitezza di gusto va facendo da molti anni il Signor de Meester (...),,ita,Unknown,,,
12349849,Aardrijkskunde der lagere scholen met geschiedkundige aanteekeningen voor België,1894,dut,Liège,Q3992,50.639722222222225,5.570555555555556
11451427,Deutsches bürgerthum im mittelalter,1868,ger,Frankfurt,Q1794,50.11055555555556,8.682222222222222
13056281,"Le Duc et la Duchesse de Brabant, le 23 août 1853",1853,fre,Brussels,Q239,50.846666666666664,4.351666666666667
12751346,La croix et l'autel dans tous les temps et dans l'éternité,1899,fre,Roeselare,Q211037,50.944722222222,3.1233333333333
12751346,La croix et l'autel dans tous les temps et dans l'éternité,1899,fre,Brussels,Q239,50.846666666666664,4.351666666666667
11466698,Geschiedenis der stad en kastelnij van Veurne,1873,dut,Ghent,Q1296,51.05361111111111,3.725277777777778
11633611,Congrès de la paix universelle,1848,fre,Brussels,Q239,50.846666666666664,4.351666666666667
11266800,Der Selige Petrus Canisius,1865,ger,Vienna,Q1741,48.208333333333336,16.3725
15459004,Einhardi annales,1845,lat,Hanover,Q1715,52.374444444444,9.7386111111111
12239177,Les localisations cérébrales et le siége de la sensation dans la philosophie scolastique,1892,fre,Ghent,Q1296,51.05361111111111,3.725277777777778
12454692,Le Juif errant,1846,fre,Brussels,Q239,50.846666666666664,4.351666666666667
12283343,Du redressement et de l'immobilisation dans le traitement des tumeurs blanches des membres,1880,fre,Bordeaux,Q1479,44.837777777778,-0.57944444444444
12627702,Les lois belges à la portée de tous,1898,fre,Liège,Q3992,50.639722222222225,5.570555555555556
11967791,Chorée traitée au moyen de l'électricité,1862,fre,Antwerp,Q12892,51.221111111111114,4.3997222222222225
22181165,Le gentilhomme pauvre,1881,fre,Paris,Q90,48.85666666666667,2.352222222222222
12400940,Petri Caprano S. R. E. Cardinalis Laudatio funebris,1836,lat,Rome,Q220,41.893055555556,12.482777777778
13703599,Le Conflit Finlandais envisagé au point de vue juridique,1900,fre,Paris,Q90,48.85666666666667,2.352222222222222
12227668,Aperçus sur quelques détails de la guerre,1860,fre,Paris,Q90,48.85666666666667,2.352222222222222
12072621,Voix d'un Polonais israélite en faveur de l'indépendance de la Pologne,1863,fre,Brussels,Q239,50.846666666666664,4.351666666666667
12990221,De l'Acquisition des Fruits en Droit Romain et en Droit Français,1881,fre,Poitiers,Q6616,46.581111111111,0.33527777777778
12829332,Mary Queen of Scots and Her Marriage with Bothwell,1883,eng,London,Q84,51.507222222222,-0.1275
12829332,Mary Queen of Scots and Her Marriage with Bothwell,1883,eng,Edinburgh,Q23436,55.95333333333333,-3.1891666666666665
11396037,L'Eglise Essénienne au Clergé Romain,1884,fre,Brussels,Q239,50.846666666666664,4.351666666666667
11273289,Ueber die neuesten Entdeckungen in Afrika,1869,ger,Berlin,Q64,52.516666666667,13.383333333333
11560681,Généalogie de la famille Courcol dite de Bailliencourt,1878,fre,Tournai,Q173219,50.605555555555554,3.388055555555556
12338360,La circulation du sang,1881,fre,Paris,Q90,48.85666666666667,2.352222222222222
13054437,"Histoire de la gilde souveraine des couleuvriniers, arquebusiers et canonniers, dite chef-confrérie de Saint Antoine, à Gand",1866,fre,Ghent,Q1296,51.05361111111111,3.725277777777778
11703964,"Mémoire justificatif pour MM. Prosper Thuysbaert, Edouard Louvau, François De Poorter, Charles Louis Van Damme, Edouard Vanden Abbeele et Alphonse Vanden Abbeele, tous à Lokeren",1882,fre,Ghent,Q1296,51.05361111111111,3.725277777777778
13704834,Traité de géologie,1900,fre,Paris,Q90,48.85666666666667,2.352222222222222
11697764,La vie arabe et la société musulmane,1869,fre,Paris,Q90,48.85666666666667,2.352222222222222
12296218,Étude sur l'état des rapports des domestiques et des maîtres et sur les moyens d'améliorer ces rapports,1844,fre,Besançon,Q37776,47.242222222222,6.0213888888889
13003804,"Notice sommaire sur les assolemens adoptés par M. Morel de Vindé, Pair de France, Dans son Exploitation à la Celle-Saint-Cloud, près Versailles",1816,fre,Paris,Q90,48.85666666666667,2.352222222222222
11590012,"Sailing directory for the island of Newfoundland, comprising a general description of its bays, habours, anchoring places, etc., etc.",1876,eng,London,Q84,51.507222222222,-0.1275
11720268,Wiertz,1883,dut,Brussels,Q239,50.846666666666664,4.351666666666667
12058098,De la Trinité antique et du droit de vie et de mort,1827,fre,Brussels,Q239,50.846666666666664,4.351666666666667
12632936,"Life of Beato Angelico da Fiesole, of the Order of Friar-Preachers",1865,eng,London,Q84,51.507222222222,-0.1275
12550887,Die Naturgeschichte des Volkes als Grundlage einer deutschen Social-Politik,1866,ger,Stuttgart,Q1022,48.7775,9.18
13696584,La botanica y los botanicos de la Peninsula hispano-Lusitana,1858,spa,Madrid,Q2807,40.41694444444445,-3.703333333333333
11330298,"Liederen, balladen en sonnetten",1891,dut,Antwerp,Q12892,51.221111111111114,4.3997222222222225
11611745,Le curé politique,1880,fre,Antwerp,Q12892,51.221111111111114,4.3997222222222225
13717323,Magyarische Grammatik,1858,ger,Vienna,Q1741,48.208333333333336,16.3725
11644831,De maetschappy voor tael en kunst,1854,dut,Antwerp,Q12892,51.221111111111114,4.3997222222222225
11346573,La Grande industrie du Royaume de Hongrie,1901,fre,Budapest,Q1781,47.498333333333,19.040833333333
15101604,"De Bruxelles, le 12 février 1789. L'Empereur ayant été informé que son Conseil de Brabant, sur la réquisition des Etats de cette Province, avoit rendu, pendant le courant des mois de mai & de juin 1787, plusieurs décrets aussi attentatoires à la Souveraineté de S.M. que contraire aux regles inviolables ...",1789,fre,Brussels,Q239,50.846666666666664,4.351666666666667
12023839,"Laws, by-laws and rules and regulations of the reform-school of the district of Columbia",1873,eng,"Washington, D.C.",Q61,38.895,-77.036666666667
12803306,Les craies grises phosphatées dans la métallurgie de l'acier Thomas et Gilchrist,1900,fre,Brussels,Q239,50.846666666666664,4.351666666666667
11952551,Considérations sur la Monnaie de l'Epoque Romane et Description de quelques Triens Mérovingiens,1851,fre,Metz,Q22690,49.119722222222,6.1769444444444
11268495,Quelques observations sur l'administration de la vapeur du chloroforme dans la pratique des accouchemens,1864,fre,Brussels,Q239,50.846666666666664,4.351666666666667
12836886,Ragionamento,1845,ita,Naples,Q2634,40.83583333333333,14.248611111111112
12564913,Traité des maladies de l'utérus et de ses annexes,1866,fre,Paris,Q90,48.85666666666667,2.352222222222222
12683251,Beknopt etymologisch woordenboek der nederlandsche taal,1898,dut,Ghent,Q1296,51.05361111111111,3.725277777777778
12365825,Storia documentata di Carlo V,1894,ita,Venice,Q641,45.439722222222,12.331944444444
12365825,Storia documentata di Carlo V,1894,ita,Padua,Q617,45.40777777777778,11.873333333333331
12365825,Storia documentata di Carlo V,1894,ita,Bologna,Q1891,44.493888888889,11.342777777778
11937871,Liber memorialis,1854,lat,Leipzig,Q2079,51.3406321,12.3747329
11604067,"Kurzer Unterricht zur Erziehung der Obstbàume, Küchen-Handels-und Arzneigewächse, besonders in Industrie-Gärten",1836,ger,Bamberg,Q3936,49.891666666667,10.891666666667
11764270,Verborgen lijden,1884,dut,Antwerp,Q12892,51.221111111111114,4.3997222222222225
12265369,Notes sur quelques sources manuscrites de l'histoire belge à Rome,1892,fre,Brussels,Q239,50.846666666666664,4.351666666666667
12104394,"De La part que la société des Sciences du Hainaut à prise à l'érection de la statue d'Orlande de Lassus, célèbre compositeur montois",1854,fre,Mons,Q83407,50.45472222222222,3.9525
12293803,"Bombe lumineuse, ou abolition de la contrainte par corps",1830,fre,Paris,Q90,48.85666666666667,2.352222222222222
12788919,Variétés orientales,1872,fre,Paris,Q90,48.85666666666667,2.352222222222222
12258111,Sur les chemins de l'Europe,1893,fre,Paris,Q90,48.85666666666667,2.352222222222222
12812277,Exposition Meissonier,1884,fre,Paris,Q90,48.85666666666667,2.352222222222222
12894945,Guide de la jeune ouvrière,1901,fre,Lille,Q648,50.631944444444,3.0575
12894945,Guide de la jeune ouvrière,1901,fre,Paris,Q90,48.85666666666667,2.352222222222222
12894945,Guide de la jeune ouvrière,1901,fre,Rome,Q220,41.893055555556,12.482777777778
11666962,Eléments de géométrie par A.-M. Legendre.,1881,fre,Namur,Q134121,50.466666666667,4.8666666666667
22069960,Correspondance du duc de Mayenne,1860,fre,Reims,Q41876,49.265277777778,4.0286111111111
22358131,Au ministère de l'instruction publique 1887,1888,fre,Paris,Q90,48.85666666666667,2.352222222222222
13671584,"Mathematik, Zeichnenkunst Physik und Chemie in ihrer Anwendung und Beziehung auf die praktische Gärtnerei",1839,ger,Berlin,Q64,52.516666666667,13.383333333333
13300919,Ernest Maltravers,1842,eng,Leipzig,Q2079,51.3406321,12.3747329
11996353,Les catacombes romaines,1868,fre,Brussels,Q239,50.846666666666664,4.351666666666667
13117265,Ueber die Lehrmethode Schleiermacher's,1834,ger,Berlin,Q64,52.516666666667,13.383333333333
12922900,Description de plusieurs fiertons ou poids monétaires de quelques anciennes monnaies d'or françaises,1858,fre,Paris,Q90,48.85666666666667,2.352222222222222
12492717,Tableaux synoptiques pour faciliter l'étude de la syntaxe latine de J. Gantrelle,1896,fre,Ghent,Q1296,51.05361111111111,3.725277777777778
13611649,Distribution solennelle des prix aux élèves de l'Athénée le 17 août 1845,1845,fre,Brussels,Q239,50.846666666666664,4.351666666666667
13351223,Essais (et nouveaux Essais) de Psychologie contemporaine,1883,fre,Paris,Q90,48.85666666666667,2.352222222222222
11425201,Etat du Poitou sous Louis XIV,1865,fre,Fontenay-le-Comte (munisipyo),Q49462397,46.46694,-0.80639
11740099,Lessen over natuurwetenschap,1883,dut,Ghent,Q1296,51.05361111111111,3.725277777777778
12280355,Théorie mécanique de la chaleur,1893,fre,Mons,Q83407,50.45472222222222,3.9525
13309704,The schoolmaster,1836,eng,London,Q84,51.507222222222,-0.1275
12499091,Curiosités de l'économie politique,1861,fre,Paris,Q90,48.85666666666667,2.352222222222222
12239451,Nouveau système de défense de la Hollande,1874,fre,Paris,Q90,48.85666666666667,2.352222222222222
12053858,Vie illustrée de Garcia Moreno,1898,fre,Abbeville,Q28520,50.105277777778,1.8352777777778
12112001,Alcuno contradizioni della Bibbia,1874,ita,Milan,Q490,45.466944444444,9.19
13464659,Extrait du dictionnaire biographiques des hommes du nord,,fre,Paris,Q90,48.85666666666667,2.352222222222222
13227343,El Derecho de la Guerra conforme à la moral,1877,spa,Pamplona city,Q24012386,42.81276,-1.64432
11812790,Exposition universelle de 1889,1889,fre,Corbeil,Q18281399,48.61191,2.48263
11506792,Problème de la certitude,1845,fre,Paris,Q90,48.85666666666667,2.352222222222222
12606472,Catalogue des tableaux,1877,fre,Ghent,Q1296,51.05361111111111,3.725277777777778
11788277,Les ophidiennes (scènes de la vie moderne),1884,fre,Brussels,Q239,50.846666666666664,4.351666666666667
12365339,"Beknopte uitlegging der Staatswetten, grondwet, provincie- en gemeentewet",1895,dut,Ghent,Q1296,51.05361111111111,3.725277777777778
11317855,Iconographia mariana,1852,ger,Leipzig,Q2079,51.3406321,12.3747329
13717014,Versuch einer Koibalischen und Karagassischen Sprachlehre nebst Wörtervetzeichnissen aus den tatarischen Mundarten des Minussinschen Kreises,1857,ger,Saint Petersburg,Q656,59.95,30.316666666667
13584893,Les sept merveilles du Cambrésis,1836,fre,Cambrai,Q181285,50.175833333333,3.2347222222222
12203112,Arithmétique pratique à l'usage des écoles primaires et moyennes,1891,fre,Lier,Q12460,51.13111111111111,4.5697222222222225
12203112,Arithmétique pratique à l'usage des écoles primaires et moyennes,1891,fre,Antwerp,Q12892,51.221111111111114,4.3997222222222225
13231200,Das Preussische Staatsrecht,1888,ger,Leipzig,Q2079,51.3406321,12.3747329
11279101,Klimaunterschiede gleicher Breiten,1892,ger,Hamburg,Q1055,53.55,10.0
13506067,Dogma socialista de la Associacion Mayo,1846,spa,Montevideo,Q1335,-34.90591666666667,-56.19131111111111
13062997,Mittheilungen aus dem Gebiete der Numismatik und Archaeologie / Notizie peregrine di numismatica e d'archeologia,1851,multiple languages,Trieste,Q546,45.65027777777778,13.770277777777778
13062997,Mittheilungen aus dem Gebiete der Numismatik und Archaeologie / Notizie peregrine di numismatica e d'archeologia,1851,multiple languages,Berlin,Q64,52.516666666667,13.383333333333
22175410,Essai sur l'histoire littéraire du moyen âge,1833,fre,Paris,Q90,48.85666666666667,2.352222222222222
11267129,Voyage en terre sainte,1865,fre,Paris,Q90,48.85666666666667,2.352222222222222
12621355,Tooneelstukken,1897,dut,Tongeren,Q190113,50.7794,5.4631
12742290,De practische taalmeester,1899,dut,Ghent,Q1296,51.05361111111111,3.725277777777778
13278659,Kleine Schriften zur Alten Geschichte,1893,ger,Leipzig,Q2079,51.3406321,12.3747329
13600018,Traité élémentaire de physiologie humaine,1862,fre,Paris,Q90,48.85666666666667,2.352222222222222
12818721,L'étude des applications est le meilleur adjuvant du progrès scientifique en géologie,1900,fre,Brussels,Q239,50.846666666666664,4.351666666666667
22431079,L'inauguration de l'Empire Libéral. Le Roi Guillaume,1900,fre,Paris,Q90,48.85666666666667,2.352222222222222
11855462,"Eustaquio, episodio de los primeros tiempos del cristianismo, seguido de algunos cuentos escogedos",1886,spa,Braine-le-Comte,Q95129,50.609722222222224,4.136111111111111
11855462,"Eustaquio, episodio de los primeros tiempos del cristianismo, seguido de algunos cuentos escogedos",1886,spa,Paris,Q90,48.85666666666667,2.352222222222222
11855462,"Eustaquio, episodio de los primeros tiempos del cristianismo, seguido de algunos cuentos escogedos",1886,spa,Mexico City,Q1489,19.353773,-99.13589
13617662,"San Girolamo, il dottore massimo, dimostrato evidentemente di patria istriano",1829,ita,Trieste,Q546,45.65027777777778,13.770277777777778
22097645,Eight report of the science and art department of the committee of council on education,1861,eng,London,Q84,51.507222222222,-0.1275
12715640,Sur les distances moyennes à la côte dans les océans,1898,fre,Brussels,Q239,50.846666666666664,4.351666666666667
12856440,La quinte-essence sociale,1899,fre,Antwerp,Q12892,51.221111111111114,4.3997222222222225
12656353,Juarez et César Cantu,1885,fre,Mexico City,Q1489,19.353773,-99.13589
11915638,Memoria geo-zoologica sugli Echinidi fossili del contado di Nizza,1843,ita,Turin,Q495,45.079166666666666,7.676111111111111
11317498,Recherches historiques sur la ville et les anciennes baronnies de Tonneins,1833,fre,Agen,Q6625,44.203055555556,0.61861111111111
13477972,Narrative of an expedition to explore the river Zaire,1818,eng,London,Q84,51.507222222222,-0.1275
12643417,Lezioni di statistica teorico-pratica,1863,ita,Naples,Q2634,40.83583333333333,14.248611111111112
12649927,Shakespeare and his times,1838,fre,Paris,Q90,48.85666666666667,2.352222222222222
13624618,A toutes les gloires de l'ancien pays de Liége,1842,fre,Liège,Q3992,50.639722222222225,5.570555555555556
13387842,Leçons nouvelles de Cosmographie,1866,fre,Paris,Q90,48.85666666666667,2.352222222222222
11819890,Modellen en opgaven van brieven,1885,dut,Roeselare,Q211037,50.944722222222,3.1233333333333
11709058,"De Helle, een punt van ons geloof",1883,dut,Bruges,Q12994,51.208888888888886,3.224166666666666
11614986,L'ingénieur-conseil a l'Exposition de Paris 1878,1880,fre,Brussels,Q239,50.846666666666664,4.351666666666667
11614986,L'ingénieur-conseil a l'Exposition de Paris 1878,1880,fre,Paris,Q90,48.85666666666667,2.352222222222222
11643811,Réflexions morales ou maximes à suivre pour être heureux,1840,fre,Brussels,Q239,50.846666666666664,4.351666666666667
12244736,Convenzione in data 15 decembre 1877 per il transporto sul mare e per l'imbarca e lo sbarco dei militari ed impiegati dipendente Dai ministeri della guerra marina (...),1878,ita,Rome,Q220,41.893055555556,12.482777777778
12094560,Recherches sur la bibliothèque du Grand Condé,1860,fre,Paris,Q90,48.85666666666667,2.352222222222222
12132265,La Pragmatique sanction de Saint-Louis,1890,fre,Brussels,Q239,50.846666666666664,4.351666666666667
13026140,La Migration des Symboles,1891,fre,Paris,Q90,48.85666666666667,2.352222222222222
13303134,L'italie d'hier,1894,fre,Paris,Q90,48.85666666666667,2.352222222222222
11460952,Lives of british statesmen,1838,eng,London,Q84,51.507222222222,-0.1275
11826744,"Eer en deugd, of de rechtveerdige straf",1885,dut,Antwerp,Q12892,51.221111111111114,4.3997222222222225
12318712,La princesse Marie-Immaculée de Bourbon,1894,fre,Lille,Q648,50.631944444444,3.0575
12318712,La princesse Marie-Immaculée de Bourbon,1894,fre,Paris,Q90,48.85666666666667,2.352222222222222
11441066,Balistique,1875,fre,Brussels,Q239,50.846666666666664,4.351666666666667
11441066,Balistique,1875,fre,Paris,Q90,48.85666666666667,2.352222222222222
11434602,Guide officiel de la correspondance télégraphique,1867,fre,Brussels,Q239,50.846666666666664,4.351666666666667
11390557,"Vie et mort édifiantes de Monseigneur Auguste-Denis Affre, archevêque de Paris",1848,fre,Brussels,Q239,50.846666666666664,4.351666666666667
11287982,Les noms propres assyriens,1861,fre,Paris,Q90,48.85666666666667,2.352222222222222
12387377,Théorie des sciences,1882,fre,Paris,Q90,48.85666666666667,2.352222222222222
22335868,Theologia moralis generalis,1900,lat,Mechelen,Q162022,51.028055555555554,4.480277777777777
22222722,Allgemeine Zustände des deutschen Volkes,1883,ger,Freiburg im Breisgau,Q2833,47.995,7.85
12274354,Contes et souvenirs,1893,fre,Brussels,Q239,50.846666666666664,4.351666666666667
12864338,De la dérivation de la Meuse,1845,fre,Liège,Q3992,50.639722222222225,5.570555555555556
12259308,"Lager landbouwonderwijs in tuin, hoeve en school",,dut,Roeselare,Q211037,50.944722222222,3.1233333333333
13688725,Contribution à l'étude de l'alimentation de l'Homme et des anthropomorphes,1894,fre,Brussels,Q239,50.846666666666664,4.351666666666667
11995035,"Quomodo Edmundus Spenserus ad Chaucerum se fingens in eclogis ""The shepheardes Calender"" versum heroicum renovarit ac refecerit",1896,lat,Paris,Q90,48.85666666666667,2.352222222222222
22158188,La recherche du vrai bien,1849,fre,Paris,Q90,48.85666666666667,2.352222222222222
13660843,Le dernier amour de Ronsard,1882,fre,Paris,Q90,48.85666666666667,2.352222222222222
12250822,"Aide-mémoire. Trois cent trente cinq formules mnémotechniques, méthode simple et pratique pour retenir les principaux faits et les dates de l'histoire romaine",1890,fre,Brussels,Q239,50.846666666666664,4.351666666666667
13366413,"Le procédé au gélatino-bromure, suivi d'une note de Edw Milsom sur les clichés portatifs, et de la traduction des notices de R Kennett et Rév H-G Palmer",1877,fre,Paris,Q90,48.85666666666667,2.352222222222222
13022899,La France pendant la Révolution,1891,fre,Paris,Q90,48.85666666666667,2.352222222222222
13732372,Géographie historique et administrative de la Gaule romaine,1876,fre,Paris,Q90,48.85666666666667,2.352222222222222
13315470,"Projet de Code Pénal pour l'empire du Japon, présenté au Sénat par le Ministre de la Justice le 8e mois de la 10e année de Meiji (Août 1877)",1879,fre,Tokyo,Q1490,35.68944444444445,139.69166666666666
13277408,Le Guide diplomatique,1866,fre,Leipzig,Q2079,51.3406321,12.3747329
13576247,Kritisch-erklärendes Handwörterbuch der deutschen Sprache,1838,ger,Leipzig,Q2079,51.3406321,12.3747329
12953482,La religion défendue par ses ennemis,1890,fre,Lille,Q648,50.631944444444,3.0575
11587924,The first crossing of Spitsbergen,1897,eng,London,Q84,51.507222222222,-0.1275
12995500,"De l'existence universelle, de celle de l'Homme en société et de ses fins",1847,fre,Paris,Q90,48.85666666666667,2.352222222222222
11455723,Pindari Carmina,1850,multiple languages,Leipzig,Q2079,51.3406321,12.3747329
12931360,Gl'ingegneri militari che operarono o scrissero in Piemonte dall'anno MCC all'anno MDCL,1871,ita,Turin,Q495,45.079166666666666,7.676111111111111
11274099,Ueber Wesen und Bedeutung der Homerfrage,1889,ger,Hamburg,Q1055,53.55,10.0
12608292,Leben und Kunst des schwedischen Malers Peter Hörberg,1819,ger,Copenhagen,Q1748,55.676111111111,12.568888888889
13602698,Notice sur Félix-M.-J.-M. Stappaerts,1889,fre,Brussels,Q239,50.846666666666664,4.351666666666667
11790375,Essai sur la coqueluche,1828,fre,Montpellier,Q6441,43.610919444444,3.8772305555556
22233517,Geslacht van Borcharen,1897,dut,Brussels,Q239,50.846666666666664,4.351666666666667
12380724,Les microbes,1882,fre,Paris,Q90,48.85666666666667,2.352222222222222
17476855,"Considération sur le projet de municipalité, par l'ex-bourg-mestre de Chestret, Baron de Hanneffe, colonel du régiment municipal. Liege en septembre 1790",1790,fre,Liège,Q3992,50.639722222222225,5.570555555555556
15099272,Trois piéces remarquables adressées au public de la part des Etats de Brabant,1787,fre,Brussels,Q239,50.846666666666664,4.351666666666667
12766129,Dictionnaire des Pseudonymes,1887,fre,Paris,Q90,48.85666666666667,2.352222222222222
13043449,"Simeon's letters to his kinsfolk and other great people written, chiefly from France & Belgium in the years 1832, 1833 & 1834",1834,eng,London,Q84,51.507222222222,-0.1275
13043449,"Simeon's letters to his kinsfolk and other great people written, chiefly from France & Belgium in the years 1832, 1833 & 1834",1834,eng,Paris,Q90,48.85666666666667,2.352222222222222
12552057,Compétence respective du juge d'instruction et de la chambre du conseil,1897,fre,Brussels,Q239,50.846666666666664,4.351666666666667
12124699,Les Solitudes,1869,fre,Paris,Q90,48.85666666666667,2.352222222222222
13113109,Beiträge zur Geschichte der Reformation und der Sitten jener Beit,1855,ger,Nuremberg,Q2090,49.45388888888889,11.0775
12055527,Die politischen Parteien Griechenlands,1844,ger,Trier,Q3138,49.75565,6.63935
12349545,Conférences sur l'histoire de l'Église et le développement du dogme aux huit premiers siècles,1894,fre,Liège,Q3992,50.639722222222225,5.570555555555556
12349545,Conférences sur l'histoire de l'Église et le développement du dogme aux huit premiers siècles,1894,fre,Lyon,Q456,45.7675,4.835
12349545,Conférences sur l'histoire de l'Église et le développement du dogme aux huit premiers siècles,1894,fre,Paris,Q90,48.85666666666667,2.352222222222222
13649026,Batalhas da Companhia de Jesus na sua gloriosa provincia do Japâo,1894,por,Lisbon,Q597,38.708042,-9.139016
11777063,Chez les sauvages,1884,fre,Verviers,Q202954,50.583333333333,5.85
13685393,Notice sur un cartulaire de l'abbaye de Saint-Ghislain,1862,fre,Mons,Q83407,50.45472222222222,3.9525
12384903,Par les chemins,1895,fre,Brussels,Q239,50.846666666666664,4.351666666666667
13051038,Impressions de voyage,1887,fre,Digne-les-Bains,Q181306,44.0925,6.2355555555556
12521836,Reseña de los acontecimientos politicos y militares de la provincia de Guayaquil desde 1813 hasta 1824 inclusives,1863,spa,Lima,Q2868,-12.06,-77.0375
12444244,L'artiglieria da campo in Europa nel 1876,1876,ita,Turin,Q495,45.079166666666666,7.676111111111111
12795055,Marioline,1899,dut,Antwerp,Q12892,51.221111111111114,4.3997222222222225
12573485,Lebenserinnerung und Briefwechsel,1861,ger,Leipzig,Q2079,51.3406321,12.3747329
12692604,Traité pratique d'electricité,1882,fre,Paris,Q90,48.85666666666667,2.352222222222222
12661460,"Études sur les machines, d'après l'expérience et le raisonnement",1828,fre,Paris,Q90,48.85666666666667,2.352222222222222
12661460,"Études sur les machines, d'après l'expérience et le raisonnement",1828,fre,Metz,Q22690,49.119722222222,6.1769444444444
12056843,Die römisch-rechtlichen Mittheilungen in des Tacitus Geschichtbüchern,1860,ger,Berlin,Q64,52.516666666667,13.383333333333
11374094,The cabinet portrait Gallery,1890,eng,London,Q84,51.507222222222,-0.1275
11374094,The cabinet portrait Gallery,1890,eng,Paris,Q90,48.85666666666667,2.352222222222222
11374094,The cabinet portrait Gallery,1890,eng,Melbourne,Q3141,-37.814166666666665,144.96305555555554
11989289,De Franciadis epica fabula in posteriore XVImi saeculi parte praesertim apud Petrum Laudunium ab Aquileriis (Pierre Delaudun d'Aigaliers),1891,lat,Paris,Q90,48.85666666666667,2.352222222222222
12100943,Programma van het provinciaal Utrechtsche genootschap van kunsten en wetenschappen,1821,dut,Utrecht,Q803,52.090833333333336,5.121666666666667
11754516,Reisen nach dem Nordpalarmeer in den Jahren 1870 und 1871,1872,ger,Brunswick,Q2773,52.269166666667,10.521111111111
13648732,"Estudos sobre alguns portos commerciaes da Europa, Asia, Africa e Oceania e sobre diversos serviços concernentes à engenheria civil",1885,por,Coimbra,Q3348861,40.209,-8.427
11286952,Das Gesetz im Zufall,1877,ger,Berlin,Q64,52.516666666667,13.383333333333
11731905,Untersuchungen über Friesische Rechtsgeschichte,1880,ger,Berlin,Q64,52.516666666667,13.383333333333
17026797,Heureux Fruits de l'éducation chrétienne,1890,fre,Lille,Q648,50.631944444444,3.0575
11606178,Dicht-en Prozastukjes,1880,dut,Ghent,Q1296,51.05361111111111,3.725277777777778
13132164,Causes & effets de l'accroissement successif des armées permanentes,1876,fre,Brussels,Q239,50.846666666666664,4.351666666666667
12120418,Eucologio romano,1889,spa,Tournai,Q173219,50.605555555555554,3.388055555555556
11504614,Albert en Valentina,1876,dut,Dendermonde,Q13122,51.03123,4.0981
11320872,Le créancier hypothécaire,1865,fre,Brussels,Q239,50.846666666666664,4.351666666666667
11320872,Le créancier hypothécaire,1865,fre,Liège,Q3992,50.639722222222225,5.570555555555556
13532624,Règlement contre les incendies,1848,fre,Ypres,Q102728,50.850833333333334,2.885
13317862,"Obras de Don Manuel Breton de los Herreros, de la Real Academia Española",1851,spa,Madrid,Q2807,40.41694444444445,-3.703333333333333
13707247,Die Reichspolitik des Erzbischofs Philipp von Köln (1167-1191),1899,ger,Marburg,Q3869,50.816666666667,8.7666666666667
12211072,Simple coup d'oeil,1892,fre,Brussels,Q239,50.846666666666664,4.351666666666667
12054631,Poésie,1857,dut,Brussels,Q239,50.846666666666664,4.351666666666667
13426669,Précis pratique de la méthode d'enseignement,1823,fre,Tournai,Q173219,50.605555555555554,3.388055555555556
13498116,Meta Holdenis,1873,fre,Paris,Q90,48.85666666666667,2.352222222222222
13681452,Catalogue des anciennes porcelaines tendres de sèvres (...),1898,fre,Paris,Q90,48.85666666666667,2.352222222222222
11609478,"Manuel complet et pratique du cubage des bois,",1880,fre,Mons,Q83407,50.45472222222222,3.9525
12393048,Mémoire a Messieurs les Membres de la Commission nommée pour la révision de la partie du Code de Procédure qui concerne les Saisies-Immobilières,1851,fre,沙勒罗瓦,Q81046,50.416666666667,4.4441666666667
12521959,La République du Chili,1876,fre,Brussels,Q239,50.846666666666664,4.351666666666667
12756734,Bij kinderen,1899,dut,Antwerp,Q12892,51.221111111111114,4.3997222222222225
12944200,Portraits du XVIIe siècle,1890,fre,Paris,Q90,48.85666666666667,2.352222222222222
11837033,Histoire du fer dans le pays de Namur,1873,fre,Brussels,Q239,50.846666666666664,4.351666666666667
12398469,Osservazioni presentate all'assemblea della banca romana,1842,ita,Rome,Q220,41.893055555556,12.482777777778
13656219,Traité d'algèbre élémentaire,1883,fre,Mons,Q83407,50.45472222222222,3.9525
12922933,Attribution de quelques médailles inédites au monnayage primitif des Arabes à Alexandrie,1859,fre,Paris,Q90,48.85666666666667,2.352222222222222
12132733,Grande question au XIXe siècle,1855,fre,Paris,Q90,48.85666666666667,2.352222222222222
12830674,Aperçu sur les institutions subsidiaires pour les ouvriers attachés aux établissements métallurgiques en Russie,1876,fre,Saint Petersburg,Q656,59.95,30.316666666667
11493695,Au Coin du feu,1876,fre,Mons,Q83407,50.45472222222222,3.9525
13696100,Das ethnographische Verhältniss der Kelten und Germanen nach den Ansichten der Alten und den sprachlichen überrestten,1857,ger,Leipzig,Q2079,51.3406321,12.3747329
12227120,Storia del reame di Napoli dal 1734 sino al 1825,1848,ita,Florence,Q2044,43.771388888889,11.254166666667
12504828,Attila dans les Gaules en 451,1833,fre,Paris,Q90,48.85666666666667,2.352222222222222
11841367,"Société générale des agglomérés magnésiens, Brevetés s. g. d. g. en France et à l'étranger",1875,fre,Paris,Q90,48.85666666666667,2.352222222222222
11449003,Lieder Guillems IX,1848,ger,Tübingen,Q3806,48.52,9.0555555555556
11436804,Sommaire du cours de notariat,1858,fre,Brussels,Q239,50.846666666666664,4.351666666666667
13560173,Annales Ardennaises,1861,fre,Charleville-Mézières,Q47383,49.76,4.7194444444444
12262514,"Cour d'appel de Gand. En cause de M. Hyacinthe Lhoneux-Detru, Banquier à Huy, Appelant d'un jugement du Tribunal de Commerce de Gand, du 29 Décembre 1855, contre MM. les curateurs a la faillite du sieur Zaman, ci-devant négociant-spéculateur, Intimés",1857,fre,Ghent,Q1296,51.05361111111111,3.725277777777778
11957020,Études morales et littéraires,1887,fre,Leuven,Q118958,50.8775,4.704444
11957020,Études morales et littéraires,1887,fre,Brussels,Q239,50.846666666666664,4.351666666666667
12045646,Pour l'inventeur,1890,fre,Brussels,Q239,50.846666666666664,4.351666666666667
12984328,Lettres du baron de Marchant sur la numismatique et l'histoire,1851,fre,Paris,Q90,48.85666666666667,2.352222222222222
12138337,"Extraits de l'article publié par Monsieur Édouard Laboulaye (aujourd'hui professeur de législation comparée au Collége de France) dans la Revue de Législation, t. 24, septembre et décembre, p. 289-370, sous ce titre : Quelques Réflexions sur l'Enseignement du Droit en France, etc",1839,fre,Paris,Q90,48.85666666666667,2.352222222222222
11767356,Servitudes militaires,1855,fre,Antwerp,Q12892,51.221111111111114,4.3997222222222225
12170331,"Le lapin domestique, nouveau moyen d'industrie appliqué à toutes les fortunes et à toutes les intelligences",1838,fre,Paris,Q90,48.85666666666667,2.352222222222222
13464625,Bulletin monumental publié sous les auspices de la société française d'archéologie pour la conservation des monuments historiques,1895,fre,Paris,Q90,48.85666666666667,2.352222222222222
12217172,Patria e biografia Del Grande Ammiraglio d. Cristoforo Colombo,1853,ita,Rome,Q220,41.893055555556,12.482777777778
11811220,Recherches anatomiques sur les organes végétatifs de l'urtica dioica,1885,fre,Brussels,Q239,50.846666666666664,4.351666666666667
13481292,Valentinelli Giuseppe degli studi sul Friuli,1856,ita,Prague,Q1085,50.0875,14.421388888888888
13350367,Variétés littéraires,1889,fre,Paris,Q90,48.85666666666667,2.352222222222222
12126392,Roger en Raoul,1890,dut,Ghent,Q1296,51.05361111111111,3.725277777777778
11900402,Le gallerie e i Musei di Firenze,1875,ita,Florence,Q2044,43.771388888889,11.254166666667
12264611,Het rijk der hemelen,1890,dut,Leuven,Q118958,50.8775,4.704444
22111343,Drei Monate in der libyschen Wüste,1875,ger,Kassel,Q2865,51.315777777778,9.4979166666667
12034997,Un magistrat français au commencement du XVIIIe siècle,1888,fre,Leuven,Q118958,50.8775,4.704444
11518224,"Code des voyageurs, hôteliers et aubergistes",1877,fre,Huy,Q207095,50.516666666667,5.2333333333333
11518224,"Code des voyageurs, hôteliers et aubergistes",1877,fre,Paris,Q90,48.85666666666667,2.352222222222222
11448868,Histoire des votes des représentants du peuple,1851,fre,Paris,Q90,48.85666666666667,2.352222222222222
12332549,"Curiosités historiques sur Louis XIII, Louis XIV, Louis XV, Mme de Maintenon, Mme de Pompadour, Mme du Barry, etc",1864,fre,Paris,Q90,48.85666666666667,2.352222222222222
12582186,Traité de l'expropriation pour cause d'utilité publique,1836,fre,Paris,Q90,48.85666666666667,2.352222222222222
13702261,Histoire et description de la Basse Cochinchine: pays de Gia-Dinh,1864,fre,Paris,Q90,48.85666666666667,2.352222222222222
13210012,Visites et études de S.A.I. le prince Napoléon au palais de l'industrie,1855,fre,Paris,Q90,48.85666666666667,2.352222222222222
22099729,Les saisons,1834,fre,Hasselt,Q58780,50.930480555556,5.3384972222222
12111076,Les origines de l'eglise de Tours,1869,fre,Tours,Q288,47.392777777778,0.68833333333333
12364974,Guide de la jeune ménagère,1894,fre,Lier,Q12460,51.13111111111111,4.5697222222222225
13602008,Les tableaux de Rubens dans l'église de l'Oratoire à Rome,1882,fre,Antwerp,Q12892,51.221111111111114,4.3997222222222225
13514261,Obras poeticas de Diego Hurtado de Mendoza,1877,spa,Madrid,Q2807,40.41694444444445,-3.703333333333333
12653326,Madame Surinet-Durand officier d'Académie,1898,fre,Paris,Q90,48.85666666666667,2.352222222222222
22239173,Conversations-Lexikon,1882,ger,Leipzig,Q2079,51.3406321,12.3747329
12451844,Traité de thérapeutique physiologique,1895,fre,Haarlem,Q9920,52.380277777778,4.6405555555556
12451844,Traité de thérapeutique physiologique,1895,fre,Paris,Q90,48.85666666666667,2.352222222222222
13134569,"Histoire de Soulavie (naturaliste, diplomate, historien)",1893,fre,Paris,Q90,48.85666666666667,2.352222222222222
13355409,"Histoire économique de la propriété, des salaires, des denrées et de tous les prix en général",1894,fre,Paris,Q90,48.85666666666667,2.352222222222222
12235763,"De la compensation en droit romain, du compte courant en droit français",1879,fre,Dijon,Q7003,47.323055555556,5.0419444444444
12805836,Les salons de Paris et la Societé parisienne sous Napoléon III,1868,fre,Paris,Q90,48.85666666666667,2.352222222222222
11697487,La culture intensive de l'oeuf et son incubation,1878,fre,Paris,Q90,48.85666666666667,2.352222222222222
13498850,Lettres d'Auguste Comte fondateur de la religion universelle et premier grand-prêtre  de l'humanité a Henry Edger et a M. John Metcalf,1889,fre,Paris,Q90,48.85666666666667,2.352222222222222
12360425,La Franc-Maçonnerie moderne,1894,fre,Paris,Q90,48.85666666666667,2.352222222222222
12352873,De deugd voor alle staten,1894,dut,Ghent,Q1296,51.05361111111111,3.725277777777778
12877293,Organisation des cadres de l'armée sur le pied de paix d'après les arrêtés royaux en vigueur à la date du 1er novembre 1900,1900,fre,Brussels,Q239,50.846666666666664,4.351666666666667
13648179,De l'administration de la ville de Londres,1863,fre,Brussels,Q239,50.846666666666664,4.351666666666667
22250149,La jeunesse de l'Impératrice Joséphine,1891,fre,Paris,Q90,48.85666666666667,2.352222222222222
12754923,"Le travail, loi de la vie et de l'éducation",1900,fre,Brussels,Q239,50.846666666666664,4.351666666666667
11957850,"Une dévotion chère à Marie, ou Le jardin aux roses de Notre-Dame",1887,fre,Leuven,Q118958,50.8775,4.704444
12260702,Archéologie religieuse,1869,fre,Brussels,Q239,50.846666666666664,4.351666666666667
13288613,Le commerce extérieur et la politique de la France,1848,fre,Paris,Q90,48.85666666666667,2.352222222222222
11842610,Mijnheer Roosdonck gaat slapen,1885,dut,Antwerp,Q12892,51.221111111111114,4.3997222222222225
12738269,Celles qu'épouseront nos fils,1899,fre,Brussels,Q239,50.846666666666664,4.351666666666667
13278581,"Le livre du diable, recueil de Satires et de Pamphlets sur les hommes et les choses de la Révolution Belge",1848,fre,Brussels,Q239,50.846666666666664,4.351666666666667
12559570,Giunte e correzioni alla Lettera A della Bibliografia Siciliana,1881,ita,Palermo,Q2656,38.11565805555555,13.361261944444443
11939495,Collezione degli articoli di economia politica e statistica civile,1839,ita,Prato,Q13377,43.880813888889,11.096561111111
12101977,Over de geuzen. Inneming van den Briel (1 April 1572),1872,dut,Antwerp,Q12892,51.221111111111114,4.3997222222222225
12527847,Réglementation des mines et carrières à l'étranger,1896,fre,Brussels,Q239,50.846666666666664,4.351666666666667
11664391,Epernay et l'abbaye de Saint-Martin de cette ville,1869,fre,Châlons-en-Champagne,Q47135,48.956666666667,4.3644444444444
13698132,Essai sur la géographie de l'auvergne,1898,fre,Clermont-Ferrand,Q42168,45.779722222222,3.0869444444444
13698132,Essai sur la géographie de l'auvergne,1898,fre,Paris,Q90,48.85666666666667,2.352222222222222
13028209,De l'Avenir de la Littérature française,1837,fre,Falaise,Q193306,48.897222222222,-0.1975
13221334,"A discriptive, explanatory, and critical, catalogue of fifty of the earliest pictures contained in the national Gallery of Great Britain",1834,eng,London,Q84,51.507222222222,-0.1275
11661612,Du droit de fondation,1857,fre,Brussels,Q239,50.846666666666664,4.351666666666667
12454260,Charlemagne,1877,fre,Tours,Q288,47.392777777778,0.68833333333333
11654399,Et après ? What next-and next ?,1856,fre,Brussels,Q239,50.846666666666664,4.351666666666667
13434965,La famille et la jeunesse de J.-J. Rousseau,1896,fre,Paris,Q90,48.85666666666667,2.352222222222222
12841004,L'incendie de l'opéra,1896,fre,Mons,Q83407,50.45472222222222,3.9525
11717077,Caisse de retraite,1891,fre,Brussels,Q239,50.846666666666664,4.351666666666667
13604492,Vondel et la Belgique,1887,fre,Brussels,Q239,50.846666666666664,4.351666666666667
12055380,Satires et poésies diverses,1852,fre,Brussels,Q239,50.846666666666664,4.351666666666667
12608659,"The origin, progress, and present condition of the fine arts in Great Britain and Ireland",1841,eng,London,Q84,51.507222222222,-0.1275
12457043,Théorie de la formation du globe,1867,fre,Bordeaux,Q1479,44.837777777778,-0.57944444444444
12040415,Manuel pour servir à la préparation de l'examen diplomatique,1869,fre,Brussels,Q239,50.846666666666664,4.351666666666667
12586168,Etude historique sur la prophylaxie et le traitement du Choléra,1884,fre,Marseille,Q23482,43.296666666667,5.3763888888889
12586168,Etude historique sur la prophylaxie et le traitement du Choléra,1884,fre,Paris,Q90,48.85666666666667,2.352222222222222
12807640,Noël le Mire et son oeuvre,1875,fre,Paris,Q90,48.85666666666667,2.352222222222222
22418918,Verspreide en nagelaten poëzy,1886,dut,Haarlem,Q9920,52.380277777778,4.6405555555556
12238472,Résultats scientifiques et pratiques destinés à la construction des machines,1868,fre,Heidelberg,Q2966,49.412222222222,8.71
12238472,Résultats scientifiques et pratiques destinés à la construction des machines,1868,fre,Paris,Q90,48.85666666666667,2.352222222222222
22120643,Les institutions ouvrières de la Suisse,1867,fre,Geneva,Q71,46.2,6.15
12021710,Regulations respecting the navigation of channels at mouth of the Mississipi river,1874,eng,Unknown,,,
13649323,A viagem da India,1896,por,Lisbon,Q597,38.708042,-9.139016
12555624,Lecture et rédaction,1897,fre,Namur,Q134121,50.466666666667,4.8666666666667
22091068,"Oeuvres choisies, mémoire et correspondance de Bertin du Rocheret",1865,fre,Châlons-en-Champagne,Q47135,48.956666666667,4.3644444444444
13436304,Discussions du code Napoléon dans le conseil d'état (...),1808,fre,Paris,Q90,48.85666666666667,2.352222222222222
12614108,Enea Vico e l'antico museo estense delle medaglie,1873,ita,Modena,Q279,44.64582,10.92572
11278860,Insektenschaden im Walde,1892,ger,Hamburg,Q1055,53.55,10.0
22069439,Geschichte der familie Schenk von Nydeggen,1860,ger,Cologne,Q365,50.942222222222,6.9577777777778
13664296,Anthologie grecque,1863,fre,Paris,Q90,48.85666666666667,2.352222222222222
11700409,Vade Mecum du membre visiteur de la Société de Saint Vincent-de- Paul à Gand,1880,fre,Ghent,Q1296,51.05361111111111,3.725277777777778
12840898,Ark van Noë,1897,dut,Brussels,Q239,50.846666666666664,4.351666666666667
12168641,"Mémoire sur l'amélioration des moutons, des boeufs et des chevaux",,fre,Belgique,,,
13116535,"Droit romain, De la negotiorum gestio
Droit français, Commentaire de la loi du 24 juillet 1889",1892,fre,Lyon,Q456,45.7675,4.835
12929945,Marie Stuart,1889,fre,Paris,Q90,48.85666666666667,2.352222222222222
13482931,Hymni Homerici,1860,multiple languages,Leipzig,Q2079,51.3406321,12.3747329
12664581,L'insuffisance financière,1863,fre,Brussels,Q239,50.846666666666664,4.351666666666667
22174649,Jean-Paul Marat,1880,fre,Paris,Q90,48.85666666666667,2.352222222222222
12772400,"La pauvreté, sa mission dans l'Église & dans le monde",1899,fre,Tournai,Q173219,50.605555555555554,3.388055555555556
12772400,"La pauvreté, sa mission dans l'Église & dans le monde",1899,fre,Paris,Q90,48.85666666666667,2.352222222222222
12772400,"La pauvreté, sa mission dans l'Église & dans le monde",1899,fre,Leipzig,Q2079,51.3406321,12.3747329
12099512,Iconographie chrétienne de Belgique,1850,fre,Antwerp,Q12892,51.221111111111114,4.3997222222222225
12397599,En faveur du Congo et contre sa reprise immédiate,1895,fre,Ghent,Q1296,51.05361111111111,3.725277777777778
12167526,Remy's Fischvermebung bis in 's Unendliche durch die künstliche Befruchtung des Rogens mittelst der Milchaus deb Französischen,1861,ger,Weimar,Q3955,50.98111111111111,11.329444444444444
11688120,De la majorité civile sous le régime des coutumes en pays de Hainaut,1872,fre,Brussels,Q239,50.846666666666664,4.351666666666667
11716408,Die Arbeiterfrage unter dem Gesichtspunkte des Vereinrechtes,1873,ger,Stuttgart,Q1022,48.7775,9.18
13254176,"The physiology of the foetus, liver and Spleen",1831,eng,London,Q84,51.507222222222,-0.1275
11424504,Grundzüge zum System der Philosophie,1833,ger,Heidelberg,Q2966,49.412222222222,8.71
13372664,Histoire des sciences sous Napoléon Bonaparte,1889,fre,Paris,Q90,48.85666666666667,2.352222222222222
12721536,Practisch rekenboek voor de middelklas der lagere scholen (aangenomen door de bisschoppelijke school-commissie),1899,dut,Ghent,Q1296,51.05361111111111,3.725277777777778
11959386,Manuel du microscope dans ses applications au diagnostic et à la clinique,1873,fre,Paris,Q90,48.85666666666667,2.352222222222222
17160611,Cours d'apologétique chrétienne,1886,fre,Paris,Q90,48.85666666666667,2.352222222222222
17160611,Cours d'apologétique chrétienne,1886,fre,Lille,Q648,50.631944444444,3.0575
17160611,Cours d'apologétique chrétienne,1886,fre,Tournai,Q173219,50.605555555555554,3.388055555555556
12458887,Code de la législation forestière,1883,fre,Paris,Q90,48.85666666666667,2.352222222222222
12438570,Oefeningen op de nederlandsche spraakkunst,1895,dut,Brussels,Q239,50.846666666666664,4.351666666666667
22288578,Note sur l'erreur probable d'un passage observé à la lunette méridienne de l'observatoire royal de Bruxelles,1853,fre,Brussels,Q239,50.846666666666664,4.351666666666667
13711195,Napoléon et l'Empire,1900,fre,Paris,Q90,48.85666666666667,2.352222222222222
22049585,Art de parler et d'écrire ou traité de rhétorique générale,1833,fre,Paris,Q90,48.85666666666667,2.352222222222222
12716699,De l'efficacité des feuilles de Houx (Ilex aquifolium) dans le traitement des fièvres intermittentes,1831,fre,Paris,Q90,48.85666666666667,2.352222222222222
12997037,Droit romain. Mandatum pecuniae credendae. Droit français. Effets du cautionnement en droit civil,1888,fre,Rennes,Q647,48.114166666667,-1.6808333333333
12060019,Analysis and review of the Blue Book of the royal commission on Capital punishment,1866,eng,London,Q84,51.507222222222,-0.1275
12426647,"Recueil méthodique d'applications renfermant 2,700 problèmes d'arithmétique",1895,fre,Namur,Q134121,50.466666666667,4.8666666666667
11654251,Sulla convenienza ed utilità d'istituire nelle provincie venete una società contro il maltrattamento degli animali,1856,ita,Padua,Q617,45.40777777777778,11.873333333333331
13592894,Nouveaux éléments de physiologie,1833,fre,Brussels,Q239,50.846666666666664,4.351666666666667
13592894,Nouveaux éléments de physiologie,1833,fre,Ghent,Q1296,51.05361111111111,3.725277777777778
13592894,Nouveaux éléments de physiologie,1833,fre,Liège,Q3992,50.639722222222225,5.570555555555556
13592894,Nouveaux éléments de physiologie,1833,fre,Mons,Q83407,50.45472222222222,3.9525
11458675,L'ode Pitia I. di Pindaro,1885,ita,Verona,Q2028,45.43861111111111,10.992777777777778
11490274,"Korte verhandeling van God, de mensch en deszelfs welstand",1869,lat,Amsterdam,Q727,52.36666666666667,4.883333333333333
13435384,Essais de philosophie et de littérature,1896,fre,Lausanne,Q807,46.533333333333,6.6333333333333
13435384,Essais de philosophie et de littérature,1896,fre,Paris,Q90,48.85666666666667,2.352222222222222
12337450,Missale romanum,1879,lat,Tournai,Q173219,50.605555555555554,3.388055555555556
12582726,Manuel d'hygiène à l'usage des enfants et des gens du monde,1852,fre,Nancy,Q40898,48.692777777778,6.1836111111111
13475369,Principles of Hindu and Mohammadan law,1860,eng,London,Q84,51.507222222222,-0.1275
12798559,La Vie,1877,fre,Paris,Q90,48.85666666666667,2.352222222222222
12663557,La Monnaie,1864,fre,Paris,Q90,48.85666666666667,2.352222222222222
12439258,Exposition Universelle de Vienne en 1873,1873,fre,Paris,Q90,48.85666666666667,2.352222222222222
11689390,Histoire de Cambrai et du Cambrèsis,1842,fre,Cambrai,Q181285,50.175833333333,3.2347222222222
12638220,Le peuple Siamois ou Thaï,1885,fre,Paris,Q90,48.85666666666667,2.352222222222222
11908570,Klein leesboek voor lagere scholen,1886,dut,Ghent,Q1296,51.05361111111111,3.725277777777778
11489462,"Die handschriftlichen gestaltungen der chanson de geste ""Fierabras"" und ihre vorstufen",1869,ger,Leipzig,Q2079,51.3406321,12.3747329
12757785,Catalogue des indulgences du Saint Rosaire,1899,fre,Leuven,Q118958,50.8775,4.704444
11618572,Pasteur as the founder of stereo-chemistry,1897,eng,Edinburgh,Q23436,55.95333333333333,-3.1891666666666665
12512186,Chants intimes,1896,fre,Ghent,Q1296,51.05361111111111,3.725277777777778
13365636,Méthodes chimiques pour la recherche des falsifications,1874,fre,Paris,Q90,48.85666666666667,2.352222222222222
13651604,Marchans de Naples,1838,fre,Paris,Q90,48.85666666666667,2.352222222222222
11579777,"Géographie militaire de l'Allemagne, de la Hollande, de la France et de la Belgique",1878,fre,Arlon,Q675960,49.683611111111,5.8166666666667
13725989,Handbuch der Verwaltungslehre,1888,ger,Stuttgart,Q1022,48.7775,9.18
22264513,Un mot sur les associations d'ouvriers,1860,fre,Antwerp,Q12892,51.221111111111114,4.3997222222222225
12674208,Les Oeuvres et les Hommes,1885,fre,Paris,Q90,48.85666666666667,2.352222222222222
12280007,Veeteelt. Het vlaamsch runderras,1893,dut,Brussels,Q239,50.846666666666664,4.351666666666667
11695983,Question médico-légale de l'identité dans ses rapports avec les vices de conformation des organes sexuels,1872,fre,Paris,Q90,48.85666666666667,2.352222222222222
12829602,De la fièvre traumatique et de l'infection purulente,1873,fre,Paris,Q90,48.85666666666667,2.352222222222222
13675550,Bi-Metallism,1893,eng,London,Q84,51.507222222222,-0.1275
12467212,La strega ovvero degli Inganni de' Demoni,1864,ita,Milan,Q490,45.466944444444,9.19
12896107,Langues menacées,1901,fre,Brussels,Q239,50.846666666666664,4.351666666666667
13629177,Le fonctionnaire,1854,fre,Brussels,Q239,50.846666666666664,4.351666666666667
11404781,Neue Beiträge zur semitischen Sagenkunde,1893,fre,Leiden,Q43631,52.16,4.49
12975355,Peinture - sculpture,1868,fre,Paris,Q90,48.85666666666667,2.352222222222222
12574255,Le pas des armes de Scandricourt,1874,fre,Paris,Q90,48.85666666666667,2.352222222222222
12211605,Opuscula et carmina latina,1837,lat,Dresden,Q1731,51.0493286,13.7381437
11982055,De J-C Scaligeri poetica,1887,lat,Paris,Q90,48.85666666666667,2.352222222222222
13367644,"The river Congo, from its mouth to Bolobo, with a general description of the natural History and Anthropology of its Western Basin",1895,eng,London,Q84,51.507222222222,-0.1275
13011320,Das Römische Trier und die Umgegend,1852,ger,Trier,Q3138,49.75565,6.63935
11267077,"Eléments de droit civil scandinave (Danemark, Norvège, Suède)",1901,fre,Paris,Q90,48.85666666666667,2.352222222222222
22170679,Transport,,fre,Douai,Q193826,50.370833333333,3.0791666666667
18161352,Modo de ofrecer el santo rosario,1888,spa,Tournai,Q173219,50.605555555555554,3.388055555555556
11673612,De la bibliographie générale au dix-neuvième siècle et plus particulièrement du manuel du libraire et de l'amateur de livres,1863,fre,Paris,Q90,48.85666666666667,2.352222222222222
12955385,Les rimes,1890,fre,Lisbon,Q597,38.708042,-9.139016
13548586,Le calcul vectoriel et ses applications en géométrie et en mécanique,1897,fre,Paris,Q90,48.85666666666667,2.352222222222222
12944918,Un problème de mécanique égyptienne,1901,fre,Brussels,Q239,50.846666666666664,4.351666666666667
12634261,Harry Calverley,1836,eng,Philadelphia,Q1345,39.952777777778,-75.163611111111
12128234,Nécessité d'une restauration du pouvoir temporel des papes,1890,fre,Brussels,Q239,50.846666666666664,4.351666666666667
11763078,Maurice Ledroit,1883,fre,Liège,Q3992,50.639722222222225,5.570555555555556
11763078,Maurice Ledroit,1883,fre,Brussels,Q239,50.846666666666664,4.351666666666667
12125718,La confusion de la politique et de la religion au dix-neuvième siècle,1860,fre,Paris,Q90,48.85666666666667,2.352222222222222
22426311,Correspondances. Lettres à sa mère,1877,fre,Paris,Q90,48.85666666666667,2.352222222222222
11700369,Préparation à la première communion ou prières du chrétien,1880,multiple languages,Brussels,Q239,50.846666666666664,4.351666666666667
11687876,"Réponse à Mr. le Baron J. L. de Scherpenzeel-Heusch, sur les erreurs contenues dans sa brochure L'avenir de la Belgique",1872,fre,Roermond,Q9783,51.193333333333335,5.987222222222222
12962372,Appendice,1863,fre,Unknown,,,
13706485,"Frederi Mistral, der Dichter der Provence",1899,ger,Marburg,Q3869,50.816666666667,8.7666666666667
13140912,Annuaire de l'hydrothérapie,1892,fre,Strasbourg,Q6602,48.573333333333,7.7522222222222
12166184,Code de la chasse,1847,fre,Oudenaarde,Q12992,50.85,3.6
13042984,Eros,1838,ger,St. Gallen,Q25607,47.423333333333,9.3772222222222
13227043,Extracto metódico de un curso completo de Derecho político y administrativo,1873,spa,Barcelona,Q1492,41.3825,2.1769444444444
12442192,Die Betheiligung des Groszherzogthums Baden an der Universalaustellung zu Paris im Jahre 1867,1867,ger,Karlsruhe,Q1040,49.016666666667,8.4
11318977,Fabrication des Etoffes,1866,fre,Paris,Q90,48.85666666666667,2.352222222222222
13224039,Saggio di vocabolario della gallia Cisalpina e Celtico,1856,ita,Milan,Q490,45.466944444444,9.19
13011162,De la consommation des vins de France en Angleterre,1843,fre,Bordeaux,Q1479,44.837777777778,-0.57944444444444
11383692,Oraison funèbre Louis XVIII,1824,fre,Lyon,Q456,45.7675,4.835
12105079,"De la Liberté, de la Méthode et de l'Esprit de Système dans l'Etude de la Nature",1869,fre,Brussels,Q239,50.846666666666664,4.351666666666667
22178188,Gloria y gratitud al immortal autor del Primus Me Circumdedisti Juan Sebastian del Cano,1882,spa,Victoria,Q2132,48.422151,-123.3657
13510451,Guía de la Villa y Archivo de Simancas,1885,spa,Madrid,Q2807,40.41694444444445,-3.703333333333333
12546088,Handbuch der mechanischen Technologie,1857,ger,Hanover,Q1715,52.374444444444,9.7386111111111
12459178,Lettres de Alexandre Vinet,1882,fre,Lausanne,Q807,46.533333333333,6.6333333333333
13690201,Correspondance diplomatique de M. de Bismarck (1851-1859),1883,fre,Paris,Q90,48.85666666666667,2.352222222222222
11853528,"La question de la criminalité au Congrès de médecine mentale, à Anvers. Lecture faite à la Société d'anthropologie de Bruxelles, le 6 octobre 1885",1885,fre,Brussels,Q239,50.846666666666664,4.351666666666667
12171344,Dissertatio inauguralis chemico-medica de Alcohole [...],1826,lat,Marburg,Q3869,50.816666666667,8.7666666666667
13529221,Digt-Konst van Boileau-Despréaux (...),1810,dut,Ypres,Q102728,50.850833333333334,2.885
11569291,Nouvelle théorie de la formation des filons [...],1802,fre,Freiberg,Q14819,50.911944444444,13.342777777778
15138176,[1734 06 23] Ordonnantie der Heeren wethouderen op het taxaet der drogen ende medicamenten raeckende de pharmacie van de apotekarissen der stadt Brussel,1734,dut,Brussels,Q239,50.846666666666664,4.351666666666667
11540667,"Satires de D.J. Juvénal, traduites en vers français, avec le texte en regard, et accompagnées de notes explicatives",1825,fre,Paris,Q90,48.85666666666667,2.352222222222222
11974732,"Lettre du père Ventura, général de l'ordre des théatins, addressée aux rédacteurs de l'Avenir, et réponse de M. l'abbé de La Mennais à cette lettre",1831,fre,Tournai,Q173219,50.605555555555554,3.388055555555556
12518106,"L'esprit de l'histoire, ou, Lettres politiques et morales d'un père à son fils, sur la manière d'étudier l'Histoire en général, et particulièrement l'Histoire de France",1805,fre,Paris,Q90,48.85666666666667,2.352222222222222
15568683,Oratio in insigni basilicâ Bruxellensi S.S. Michaelis et Gudulae die V. novembris MDCCLXX. in festo Divi Caroli Borromaei habita ab Emmanuele. P.J. Rasquin .,1770,lat,Brussels,Q239,50.846666666666664,4.351666666666667
11588617,Histoire des malheurs et de la captivité de Pie VII sous le règne de Napoléon Bonaparte,1814,fre,Paris,Q90,48.85666666666667,2.352222222222222
12728858,"Table-Talk, or, Original essays",1825,multiple languages,Paris,Q90,48.85666666666667,2.352222222222222
13040461,Chrestomathie grecque par J. Bosscha (...) revue par P. J. A. Schmitz,1829,fre,Brussels,Q239,50.846666666666664,4.351666666666667
13333107,Essai sur la constitution et le gouvernement du Portugal,1830,fre,Paris,Q90,48.85666666666667,2.352222222222222
11658726,"Diccionario manual bascongado y castellano, y elementos de Grammatica (...)",1827,multiple languages,Toulouse,Q7880,43.60444444444445,1.4433333333333334
15430911,"L'Enfant gâté, ou Folette et Roger-Bontems, opera comique mêlé d'ariettes, par M. Vadé. Représenté pour la premiere fois sur le théatre de l'opera-comique le 6. septembre 1755, & depuis à Bruxelles par les comédiens français sous la protection de S.A.R",1756,fre,Brussels,Q239,50.846666666666664,4.351666666666667
11937571,L'Art poétique d'Horace,1815,multiple languages,Paris,Q90,48.85666666666667,2.352222222222222
11556419,"Opération césarienne, avec succès pour la mère et l'enfant, pratiquée à la maternité de Mons le 5 septembre 1877",1878,fre,Brussels,Q239,50.846666666666664,4.351666666666667
11556674,Bladen over Japan,1852,dut,The Hague,Q36600,52.08,4.31
11520346,"Die Bösartigkeit der Carcinome, dargestelt als eine Folge ihrer örtlichen Destructivität",1877,ger,Leipzig,Q2079,51.3406321,12.3747329
11918873,Essai sur la nourriture et les stations botaniques et géologiques des mollusques terrestres et fluviatiles considérées au point de vue géographique et statistique,1857,fre,Bordeaux,Q1479,44.837777777778,-0.57944444444444
13277969,Elogio di Michel Sammicheli architetto civile e militare [...],1814,ita,Rome,Q220,41.893055555556,12.482777777778
11621481,Observations sur le pouvoir royal ou examen de quelques questions relatives aux droits de la couronne dans les Pays-Bas,1830,fre,Brussels,Q239,50.846666666666664,4.351666666666667
13635129,"Du thé, ou nouveau traité de sa culture, sa récolte, sa préparation et ses usages",1820,fre,Paris,Q90,48.85666666666667,2.352222222222222
11910695,Remarques sur les caractères généraux des singes américains et Description d'un genre Nouveau (...),1828,fre,Paris,Q90,48.85666666666667,2.352222222222222
13136111,"Narrative of a journey in the interior of China, and of a voyage to and from that country, in the years 1816 and 1817 (...)",1819,eng,London,Q84,51.507222222222,-0.1275
17274664,De l'amblyopie alcoolique,1881,fre,Paris,Q90,48.85666666666667,2.352222222222222
17688383,Faits cliniques de chirurgie,1852,fre,Liège,Q3992,50.639722222222225,5.570555555555556
13514958,Geschichten einiger der berühmtesten Burgen und Familien des Herzogthums Braunschweig,1844,ger,Wolfenbüttel,Q4122,52.162222222222,10.536944444444
12755406,"Chartes du Hainaut de l'an 1200, en langue gauloise, françoise et latine [...]",1822,fre,Mons,Q83407,50.45472222222222,3.9525
13077036,"Le Conciliateur, ou l'homme aimable",1816,fre,Paris,Q90,48.85666666666667,2.352222222222222
13597360,Révélations puisées dans les cartons des comités de salut public ou Mémoires (inédits) de Senart,1824,fre,Paris,Q90,48.85666666666667,2.352222222222222
13253450,"Beiträge zur nähern Kenntnis des Gehirns in Hinsicht auf Physiologie, Medium und Chirurgie",1806,ger,Leipzig,Q2079,51.3406321,12.3747329
15509939,"Réponse du peuple belgique au soi-disant Manifeste ou Déclaration de l'Empereur & Roi, Leopold II, se-disant Duc de Brabant, de Limbourg, de Luxembourg, de Gueldre, &c. &c",1790,fre,Brussels,Q239,50.846666666666664,4.351666666666667
13194505,"Lettres sur des sujets religieux, ou, Correspondance entre un ministre dissident, à Birmingham, et un catholique romain (laique)",1829,fre,Brussels,Q239,50.846666666666664,4.351666666666667
11553929,Premier système pour la suppression du mouvement de lacet des voitures de chemin de fer,1853,fre,Brussels,Q239,50.846666666666664,4.351666666666667
13222602,L'ombre de Diderot et le bossu du marais,1819,fre,Paris,Q90,48.85666666666667,2.352222222222222
13229036,Nuovo prospetto della scienze economiche (...),1815,ita,Milan,Q490,45.466944444444,9.19
11340561,Antidote contre le somnambulisme [...],1814,fre,Brussels,Q239,50.846666666666664,4.351666666666667
12406023,Studj statistici su Roma e la parte occidentale degli stati Romani,1832,ita,Rome,Q220,41.893055555556,12.482777777778
13105122,"Sermons et discours de Ioann Levanda, archiprêtre de la cathédrale Sainte-Sophie de Kiev [Slova i Rěchi Ioanna Levandy, Protoiěreia Kiěvo-Sofiiskago Sobora]",1821,rus,Saint Petersburg,Q656,59.95,30.316666666667
12453864,Oeuvres facétieuses de Henri Delmotte,1841,fre,Mons,Q83407,50.45472222222222,3.9525
12170689,Ueber Pharmacopoeen überhaupt und die neu zu bearbeitende [...],1835,ger,Heidelberg,Q2966,49.412222222222,8.71
11684230,Nouveau dictionnaire des secrets des arts et métiers,1825,fre,Paris,Q90,48.85666666666667,2.352222222222222
15771476,Le prévot de Paris (1369),1836,fre,Paris,Q90,48.85666666666667,2.352222222222222
12174443,Notice sur l'eau minérale de Schwalheim,1857,fre,Paris,Q90,48.85666666666667,2.352222222222222
12152755,"De la nouvelle école de chirurgie dentaire, ou de la guérison substituée à l'extraction",1862,fre,Brussels,Q239,50.846666666666664,4.351666666666667
13330436,"La soirée amusante, ou un père à ses enfants",1809,fre,Valenciennes,Q163795,50.35805555555555,3.5233333333333334
13556450,Lettres sur quelques antiquités d'Allemagne peu connues en France,1824,fre,Paris,Q90,48.85666666666667,2.352222222222222
13556450,Lettres sur quelques antiquités d'Allemagne peu connues en France,1824,fre,Bonn,Q586,50.735277777777775,7.102222222222222
13625138,Succincta descriptio febris epidemicae Malagae nuper saevientis() edita jussu DPetri Truxillo rerum militarium civiliumque rectoris Malaga ex hisponico in latinum versa a Iosepho Salomone Frank,1805,lat,Vienna,Q1741,48.208333333333336,16.3725
13397456,Du perfectionnement moral ou de l'éducation de soi-même,1828,fre,Brussels,Q239,50.846666666666664,4.351666666666667
11780297,"A memoir of Central India, including Malwa, and adjoining provinces",1824,eng,London,Q84,51.507222222222,-0.1275
12667165,Pharmacopée universelle ou conspectus des pharmacopées [...],1828,fre,Paris,Q90,48.85666666666667,2.352222222222222
13083571,"Précis historique sur les fêtes, les spectacles et les réjouissances publiques (...) par Claude Ruggieri",1830,fre,Paris,Q90,48.85666666666667,2.352222222222222
15566065,"Christelicke gedichten ghemaeckt tot lof van t'bestandt ende vrede. Mitsgaders een Echo ofte weder-galm, op't bestandt ende vrede. Ende noch een Nederlandts wellecom-dicht. Retrograde .",1609,dut,Unknown,,,
13292706,Observations sur l'Iliade d'Homère,1829,fre,Paris,Q90,48.85666666666667,2.352222222222222
12170151,The chemical decompositions of the London Pharmacopoeia,1821,eng,London,Q84,51.507222222222,-0.1275
22563242,"Le corset vert, comédie en trois actes de Pavel Sumarokov [Zelenoj Korsetʹ Komedija Vʹ trekhʹ dejstvijakhʹ Pavla Sumarokova]",1805,rus,Saint Petersburg,Q656,59.95,30.316666666667
15509832,"Rareté du numéraire dans les Provinces belgiques, ses causes, ses remèdes, &c. Ouvrage refuté par Mr. Veydt",1790,fre,Brussels,Q239,50.846666666666664,4.351666666666667
18499098,"Methodus tripartita, sive Praxis brevis et clara adjuvandi agonizantes, ut piè & christianè moriantur, ex variis auctoribus, ad usum confessariorum & morientium solatium collecta, latine, gallice & flandricè. Exhibia per R.P.S.C.E. Subnectuntur aliquot resolutiones quoad sacramentorum administrationem in casu necessitatis",1701,lat,Brussels,Q239,50.846666666666664,4.351666666666667
12982019,Descriptio graminum in Gallia et Germania,1802,lat,Frankfurt,Q1794,50.11055555555556,8.682222222222222
12980525,"Naturgeschichte des Hausschwammes, des Mauersalzes und des Mosaischen Häuser-Aussatzes, (...)",1809,ger,Leipzig,Q2079,51.3406321,12.3747329
12980525,"Naturgeschichte des Hausschwammes, des Mauersalzes und des Mosaischen Häuser-Aussatzes, (...)",1809,ger,Rostock,Q2861,54.083333333333,12.133333333333
11788213,"Catalogue des ouvrages mis à l'Index, contenant le nom de tous les livres condamnés par la cour de Rome",1828,fre,Brussels,Q239,50.846666666666664,4.351666666666667
18336655,"D'Amerikanen oft Alzire treur-spel. Op den zin. Dolen is Menschelyk, Vergeven Goddelyk. Door F. de la Fontaine",1739,dut,Brussels,Q239,50.846666666666664,4.351666666666667
12710920,"Étude sur la fièvre puerpérale épidémique, et en particulier sur l'épidémie qui a regné à Dunkerque, du mois de juin 1854 au mois de mars 1855",1856,fre,Paris,Q90,48.85666666666667,2.352222222222222
11338853,Olympia,1838,eng,Vienna,Q1741,48.208333333333336,16.3725
17684784,Analyse chimique et microscopique des urines,1900,fre,Brussels,Q239,50.846666666666664,4.351666666666667
12290034,Etudes sur l'article 67 du code de commerce,1856,fre,Saint-Ghislain,Q668950,50.45,3.8166666666667
13075011,Esope à la Cour,1816,fre,Paris,Q90,48.85666666666667,2.352222222222222
13005794,Sechs Satiren übersetzt im Versmasze des Originals mit Anmerkungen und beigefügtem Texte,1822,ger,Soest,Q6149,51.571111111111,8.1091666666667
15508146,"[1790 05 29] Dépêche écrite par LL. AA. RR. les Sérénissimes (ci-devant) gouverneurs-généraux des Pays-Bas, au général d'artillerie, Baron de Bender, datée de Bonn, du 29 mai 1790 (veille de la conspiration de Bruxelles)",1790,fre,Unknown,,,
18430045,"Formulario y estilo curioso de escrivir cartas missivas, segun la orden que al presente se guarda: y la que deven tener qualesquier prelados, y Señores, en las que escrivieren a todo genero de personas. Hecho y recopilado de conceptos de celebres escriptores. Por Juan Vicente Peligero natural de la ciudad de Valencia",1602,spa,Brussels,Q239,50.846666666666664,4.351666666666667
15200404,"Le Philinte de Moliere, ou La suite du Misanthrope, comédie, en cinq actes et en vers. Par P.F.N. Fabre-d'Eglantine. Représentée au théâtre françois, le 22 février 1790 .",1791,fre,Paris,Q90,48.85666666666667,2.352222222222222
15200404,"Le Philinte de Moliere, ou La suite du Misanthrope, comédie, en cinq actes et en vers. Par P.F.N. Fabre-d'Eglantine. Représentée au théâtre françois, le 22 février 1790 .",1791,fre,Brussels,Q239,50.846666666666664,4.351666666666667
13259256,Traité de la péritonite puerpérale,1830,fre,Paris,Q90,48.85666666666667,2.352222222222222
13027381,Recherches sur la nature et les lois de l'imagination,1807,fre,Geneva,Q71,46.2,6.15
12293638,De la contrainte par corps en matière civile et commerciale [...],1829,fre,Paris,Q90,48.85666666666667,2.352222222222222
13596609,La Jeunesse du Cid,1823,fre,Paris,Q90,48.85666666666667,2.352222222222222
11784903,Du choléra. Origine. Propagation. Moyens préservatifs,1884,fre,Brussels,Q239,50.846666666666664,4.351666666666667
12155943,Conseils pour tous sur les maladies contagieuses [...],1866,fre,Brussels,Q239,50.846666666666664,4.351666666666667
13511302,"Guide des étrangers ou itinéraire de la ville d'Aix-la-Chapelle et de Borcette, avec un plan topographique, publié par J. B. De Bouge",1806,fre,Brussels,Q239,50.846666666666664,4.351666666666667
12356326,"Jeanne de Vaubernier, ou la cour de Louis XV",1832,fre,Paris,Q90,48.85666666666667,2.352222222222222
15552831,"Mémoire du Citoyen Antoine Joseph Dominique De Braeckenier, rédacteur de l'Impartial bruxellois défendeur, contre Léonard Bourdon, actuellement en cette ville, demandeur",1796,fre,Brussels,Q239,50.846666666666664,4.351666666666667
12291189,Examen du divorce [...],1816,fre,Paris,Q90,48.85666666666667,2.352222222222222
11286510,Verhandelingen over den Oost-Indischen Handel,1801,dut,Amsterdam,Q727,52.36666666666667,4.883333333333333
12148962,"De la fièvre typhoïde et de ses manifestations congestives, inflammatoires et hémorrhagiques vers les principaux appareils de l'économie (cerveau, moelle, poumon, etc. etc.)",1858,fre,Paris,Q90,48.85666666666667,2.352222222222222
13070717,Itinéraire de Paris à Rouen,1828,fre,Paris,Q90,48.85666666666667,2.352222222222222
12190758,Observations sur l'emploi des frictions mercurielles à haute dose dans le traitement de la méningite aiguë,1845,fre,Alès,Q193183,44.127222222222,4.0808333333333
11931676,Ueber zwei Meeresschnecken von St-Paul,1865,ger,Vienna,Q1741,48.208333333333336,16.3725
12816807,Dictionnaire historique des ministres depuis la Révolution jusqu'en 1827,1828,fre,Paris,Q90,48.85666666666667,2.352222222222222
13221558,"Camera obscura, van Hildebrand (N Beets)",1853,dut,Ghent,Q1296,51.05361111111111,3.725277777777778
17613932,De l'ophthalmie qui règne dans l'armée belge et des moyens d'arrêter la propagation de cette maladie dans toute agglomération d'individus,1842,fre,Brussels,Q239,50.846666666666664,4.351666666666667
17613932,De l'ophthalmie qui règne dans l'armée belge et des moyens d'arrêter la propagation de cette maladie dans toute agglomération d'individus,1842,fre,Paris,Q90,48.85666666666667,2.352222222222222
17613932,De l'ophthalmie qui règne dans l'armée belge et des moyens d'arrêter la propagation de cette maladie dans toute agglomération d'individus,1842,fre,Antwerp,Q12892,51.221111111111114,4.3997222222222225
18425911,"Lettre d'un citoyen, qui n'est ni archiviste, ni antiquaire, a son ami, le Comte de ***. En lui renvoyant la brochure de l'abbé Ghesquière, sur l'ancienne constitution des Provinces Belgiques, &c.",1790,fre,Unknown,,,
11286194,"Crimineel proces tegen Hendrik Jansen, wegens moedwilligen doodslag, aan zyne vrouw begaan (...) met aanmerkingen",1803,dut,Amsterdam,Q727,52.36666666666667,4.883333333333333
12392368,Histoire de la vie et des ouvrages de J.-J. Rousseau,1822,fre,Paris,Q90,48.85666666666667,2.352222222222222
13043330,"Epitome linguae japonicae. Auctore Ph. Fr. de Siebold, med. docte",1826,lat,Batavia,Q576876,41.8489,-88.3083
13210643,Sur l'ordre des colonnes - piliers en Egypte et ses rapports avec le second ordre égyptien et la colonne grecque,1838,fre,Rome,Q220,41.893055555556,12.482777777778
12509346,Principales causes de la richesse ou de la misère des peuples et des particuliers,1818,fre,Paris,Q90,48.85666666666667,2.352222222222222
12207829,"Manuel du publiciste et de l'homme d'État, contenant les chartes et lois fondamentales, les traités, conventions et notes diplomatiques, les proclamations, actes publics et autres documens officies",1826,fre,Paris,Q90,48.85666666666667,2.352222222222222
15508881,Lettre d'un citoyen de Bruxelles au Comité de Gand. Messieurs ... on dit que les partis se trouvent divisés par raport au G[ene]ral Vander Mersch,1790,fre,Brussels,Q239,50.846666666666664,4.351666666666667
12299252,Entretiens de village,1846,fre,Brussels,Q239,50.846666666666664,4.351666666666667
12271427,Descrizione topografica fisica economica politica de reali dominj al di qua del faro nel regno delle Due Sicilie con cenni storici fin da' tempi avanti il domino de' Romani,1830,ita,Naples,Q2634,40.83583333333333,14.248611111111112
18410307,[1659 05 30] Ordonnantie ende reglement waer naer die cipiers van het Treurenborgh-Poorte hun sullen hebben te reguleren in't regard van de gevangene .,1717,dut,Brussels,Q239,50.846666666666664,4.351666666666667
17694456,"La Commission médicale de la Province de Namur, et l'Académie royale de médecine de Belgique , à propos des accidents arrivés à Hambraine le 4 août 1856",1859,fre,Namur,Q134121,50.466666666667,4.8666666666667
11339500,Die spartanische Staatsverfassung in ihrer Entwickelung und ihrem Verfalle,1836,ger,Wrocław,Q1799,51.11,17.0325
15505473,La lanterne magique du Brabant .,1787,fre,Brabant,,,
13408564,Les mois,1825,fre,Paris,Q90,48.85666666666667,2.352222222222222
13143113,Descrizione delle pitture del Campo Santo di Pisa,1829,ita,Pisa,Q13375,43.716666666667,10.4
12679390,"Remarques inédites du président Bouhier, de Breitinger et du Père Oudin sur quelques passages d'Horace [...]",1807,fre,Paris,Q90,48.85666666666667,2.352222222222222
12298222,De la Servitude Volontaire ou le contr'un,1836,fre,Brussels,Q239,50.846666666666664,4.351666666666667
12298222,De la Servitude Volontaire ou le contr'un,1836,fre,Paris,Q90,48.85666666666667,2.352222222222222
12239340,The miscellaneous works and novels of R. C. Dallas,1813,eng,London,Q84,51.507222222222,-0.1275
12309375,"Lamuel, ou le Livre du Seigneur",1816,fre,Liège,Q3992,50.639722222222225,5.570555555555556
12309375,"Lamuel, ou le Livre du Seigneur",1816,fre,Paris,Q90,48.85666666666667,2.352222222222222
13027886,Histoire diplomatique de Martin Behaim,1803,fre,Salzburg,Q34713,47.8,13.045
18286965,"Het recht domaniael van syne majesteyt in desen hertoghdomme van Brabant, midtsgaders het gesagh, bewin, ende hanteringe die desaengaende zyn hebbende die Raedt ende Rentmeester generael, ende de gesworene erflaeten desselfs Hooft Thol-camere binnen Brussele. By een gevoeght door den greffier der selver Camere D.F. Martinez",1692,dut,Brussels,Q239,50.846666666666664,4.351666666666667
12137464,Histoire de l'ophthalmie des armées,1841,fre,Belgique,,,
11914077,Historia molluscorum Sveciae [...],1822,lat,Lund,Q2167,55.708313018551,13.199164196669
12755658,"Exhaure, ou dessèchement des houillières et description du Flénu avec ses accidens [...]",1823,fre,Mons,Q83407,50.45472222222222,3.9525
13078278,Orphanis,1813,fre,Paris,Q90,48.85666666666667,2.352222222222222
13028683,Ueber die Staatswissenschaft,1820,ger,Berlin,Q64,52.516666666667,13.383333333333
14988554,"Les dettes, comédie, en deux actes et en proses, mêlée d'ariettes; par Mr. Champein. Représentée pour la première fois, par les comédiens italiens ordinaires du Roi, le 8 mars 1787",1787,fre,Paris,Q90,48.85666666666667,2.352222222222222
14988554,"Les dettes, comédie, en deux actes et en proses, mêlée d'ariettes; par Mr. Champein. Représentée pour la première fois, par les comédiens italiens ordinaires du Roi, le 8 mars 1787",1787,fre,Brussels,Q239,50.846666666666664,4.351666666666667
13550704,"De 47e Propositie van Euclides, of, Het leerstuk van Pythagoras",1827,dut,Purmerend,Q110423208,52.505,4.964167
11312867,Le fabuliste des enfans ou des adolescens ou fables nouvelles [...],1812,fre,Lyon,Q456,45.7675,4.835
13332971,"Examen historique de la révolution espagnole suivi d'observations sur l'esprit public, la religion [...]",1823,fre,Paris,Q90,48.85666666666667,2.352222222222222
12428009,Jeanne d'Arc,1828,fre,Brussels,Q239,50.846666666666664,4.351666666666667
13114454,"Siége de la citadelle d'Anvers, poème dédié à l'Armée Française",1833,fre,Geneva,Q71,46.2,6.15
13462203,"The history of Persia, from the most early period to the present time",1815,eng,London,Q84,51.507222222222,-0.1275
11913398,Catalogue synonmique et raisonné des testacés fossiles recueillis dans les faluns miocènes des communes de La Brède et de Saucats,1873,fre,Bordeaux,Q1479,44.837777777778,-0.57944444444444
13661458,Narrative of a pedestrian Journey through Russia and Siberian Tartary,1824,eng,London,Q84,51.507222222222,-0.1275
11288125,Correspondance secrète entre Napoléon Buonaparte et Reys le véridique (...) ou Bibliothèque de l'homme d'Etat,1814,fre,Paris,Q90,48.85666666666667,2.352222222222222
22730184,Nouvel Appendice à la Bibliographie Douaisienne; de M. Duthilloeul,1851,fre,Brussels,Q239,50.846666666666664,4.351666666666667
11938983,History of Spanish and Portuguese literature,1823,eng,London,Q84,51.507222222222,-0.1275
12802062,"La Henriade travestie en vers burlesques, avec des notes historiques et critiques",1822,fre,Paris,Q90,48.85666666666667,2.352222222222222
13239859,Les femmes grecques aux dames françaises,1826,fre,Paris,Q90,48.85666666666667,2.352222222222222
15492303,"Avertissement. Les Etats de Flandre, les Etats respectives du Pays-Bas ont reçus certain Manifeste au nom de S.M. le Roi Léopold, lequel ayant été rendu public par la presse, on y voit, qu'après tant de sang repandu pour  notre Religion & notre Liberté, l'on propose au Peuple Belgique le même Gouvernement qui a donnés lieu & qui a été la pierre fondamentale de notre malheur (...)",1790,fre,Brussels,Q239,50.846666666666664,4.351666666666667
11344772,"Réponse au mémoire adressé le 14 janvier 1837, par Mr. L. Ocreman, curé de l'église de Saint-Claire, a MM. les bourgmestre et échevins de cette ville",1837,fre,Brussels,Q239,50.846666666666664,4.351666666666667
13327253,Généalogie de l'instruction moderne,1829,fre,Ghent,Q1296,51.05361111111111,3.725277777777778
13189383,Notices diverses présentées à la Commission royale d'Histoire de Belgique,1850,fre,Brussels,Q239,50.846666666666664,4.351666666666667
11568978,Observations obstétricales,1878,fre,Brussels,Q239,50.846666666666664,4.351666666666667
15803771,"Les Savoyardes, ou La continence de Bayard. Comédie en un acte, en prose, mêlée d'ariettes, par M. de Piis, musique de M. de Propiac, représentée pour la première fois par les comédiens italiens ordinaires du Roi, le 30 mai 1789 .",1789,fre,Paris,Q90,48.85666666666667,2.352222222222222
15803771,"Les Savoyardes, ou La continence de Bayard. Comédie en un acte, en prose, mêlée d'ariettes, par M. de Piis, musique de M. de Propiac, représentée pour la première fois par les comédiens italiens ordinaires du Roi, le 30 mai 1789 .",1789,fre,Brussels,Q239,50.846666666666664,4.351666666666667
18395999,Augurii Gislenii Busbequii Epistolarum legationis gallicae libri II. Ad Maximilianum II. et Rudolphum II. Romanorum Imperatores. E bibliotheca Io. Bapt. Hovvvaert I.C. Patricii Bruxell,1632,lat,Brussels,Q239,50.846666666666664,4.351666666666667
15509481,"Mon Général, je reçois à l'instant la lettre de V.E. au moment que nous venons de rentrer, nos postes avancés ayant été attaqués cette nuit par une partie des ennemis de Ghoen & Javet",1790,fre,Unknown,,,
11552832,"Traité du fusil de chasse et moyens d'en améliorer la portée, le fini et la durée suivis de quelques considérations sur la manière d'éviter les accident, d'une méthode de tir au pistole, d'un recueil d'épreuves et de manipulations employées dans les manufactures d'armes, et enfin, de recettes utiles au chasseur pour entretenir la santé des cheins sans le secours d'un homme de l'art. Dédié à S. M. Léopold Ier roi des Belges, et à LL. AA. RR. Mgr le duc de Brabant et le comte de Flandre",1851,fre,Brussels,Q239,50.846666666666664,4.351666666666667
13471006,Description historique et pittoresque de l'église cathédrale de Saint Bavon [...],1819,fre,Ghent,Q1296,51.05361111111111,3.725277777777778
12161480,Mémoire sur la cure des Pieds-bots,1838,fre,Paris,Q90,48.85666666666667,2.352222222222222
13241731,L'Inde pittoresque,1840,fre,Paris,Q90,48.85666666666667,2.352222222222222
15589584,"Vermaeckelycke kluchte van eenen boer, ende eenen Ros-Cammer ... ; [Nieuw liedeken. Tot lof van een fraey meysken. Stemme: Van Caecelia ...] ; [Chronyke vande princepaelste geschiedenissen, voorgevallen t'sedert september 1730. tot october 1731 ...]",1731,dut,Brussels,Q239,50.846666666666664,4.351666666666667
13523918,A rough sketch of the field of Waterloo,1839,eng,Brussels,Q239,50.846666666666664,4.351666666666667
12138317,Du catarrhe du sac lacrymal et de ses complications,1873,fre,Liège,Q3992,50.639722222222225,5.570555555555556
12358710,Les Belles Femmes de Paris,1839,fre,Paris,Q90,48.85666666666667,2.352222222222222
12359151,Iris,1894,dut,Antwerp,Q12892,51.221111111111114,4.3997222222222225
11643312,Manuel des bandages à l'usage des étudians en médecine,1827,fre,Brussels,Q239,50.846666666666664,4.351666666666667
11688025,"Anthologie morale ou traité des devoirs envers Dieu, la patrie, le souverain et la société [...]",1834,fre,Ath,Q95096,50.631139,3.776941
12160975,"Histoire de la lithotritie, précédée de réflexions sur la dissolution des calculs urinaires [...]",1839,fre,Paris,Q90,48.85666666666667,2.352222222222222
12711716,La nature considérée comme force instinctive des organes,1846,fre,Ghent,Q1296,51.05361111111111,3.725277777777778
12360294,Forte-spada l'Aventurier,1845,fre,Paris,Q90,48.85666666666667,2.352222222222222
12000148,Dal Saggio sopra l'origine unica delle cifre e lettere di tutti i popoli per M. De Paravey,1826,ita,Paris,Q90,48.85666666666667,2.352222222222222
12000148,Dal Saggio sopra l'origine unica delle cifre e lettere di tutti i popoli per M. De Paravey,1826,ita,Turin,Q495,45.079166666666666,7.676111111111111
11814852,Discours de ce qu'a fait en France le héraut d'Angleterre et la réponse que lui a faite le roi le 7 juin 1557,1841,fre,Reims,Q41876,49.265277777778,4.0286111111111
18256479,Pro victoriis hoc auspicato anno divinitus partis Deo Opt. Max. Ferdinando Austriaco gratiae sine panegyricus eucharis ... Ernesto Vaenio jurisconsulto Monetae Regis praefecto plausus chorago .,1638,lat,Brussels,Q239,50.846666666666664,4.351666666666667
12158135,Etude sur la laryngite syphilitique secondaire [...],1880,fre,Paris,Q90,48.85666666666667,2.352222222222222
13073096,Le Galant Jardinier,1816,fre,Paris,Q90,48.85666666666667,2.352222222222222
12240864,Vies des savants illustres depuis l'antiquité jusqu'au dix-neuvième siècle,1877,fre,Paris,Q90,48.85666666666667,2.352222222222222
13294545,Scènes populaires montoises,1834,fre,Mons,Q83407,50.45472222222222,3.9525
12141633,"Rapport sur les hospices d'aliénés de l'Angleterre, de la France et de l'Allemagne",1842,fre,Kortrijk,Q12995,50.8275,3.265833333333333
11592049,Oden,1814,ger,Aachen,Q1017,50.776207,6.083788
18249428,Sidronii Hosschii e Societate Iesu Elegiae de Christo patiente,1649,lat,Brussels,Q239,50.846666666666664,4.351666666666667
13158895,Rapport verbal sur les antiquités de Trèves et de Mayence,1843,fre,Caen,Q41185,49.18138888888889,-0.3636111111111111
11913150,"Essai d'un catalogue des mollusques, marins, terrestres et fluviatiles vivant dans les environs de Cherbourg et de Valognes",1860,fre,Cherbourg,Q3667188,49.63333333,-1.6
22555002,"Collection des mémoires relatifs a l'histoire de France, depuis l'avénement de Henri IV jusqu'a la paix de Paris conclue en 1763 [...] par messieurs A. Petitot et Monmerqué. Tomes LV [-LVII].  [Mémoires du Duc de Guise ;  Mémoires du Maréchal de Gramont ; Mémoires des divers emplois et des principales actions du Maréchal du Plessis]",1826,fre,Paris,Q90,48.85666666666667,2.352222222222222
22555002,"Collection des mémoires relatifs a l'histoire de France, depuis l'avénement de Henri IV jusqu'a la paix de Paris conclue en 1763 [...] par messieurs A. Petitot et Monmerqué. Tomes LV [-LVII].  [Mémoires du Duc de Guise ;  Mémoires du Maréchal de Gramont ; Mémoires des divers emplois et des principales actions du Maréchal du Plessis]",1826,fre,Paris,Q90,48.85666666666667,2.352222222222222
13330404,"Le quadrille des enfans, ou système nouveau de lecture (...) avec figures en taille-douce",1798,fre,Geneva,Q71,46.2,6.15
13401752,Le Danube allemand et l'Allemagne du Sud,1863,fre,Tours,Q288,47.392777777778,0.68833333333333
12214467,La Mort de Jeanne d'Arc,1807,fre,Orléans,Q6548,47.902222222222,1.9041666666667
11739247,Recherches sur deux monuments antiques de la Colonie de Nimes,1803,fre,Avignon,Q6397,43.948611111111,4.8083333333333
12202212,"Nouvelle Histoire de France de le Ragois [...], suivie d'un Abrégé de l'histoire romaine, ancienne, poétique et de la Géographie",1833,fre,Paris,Q90,48.85666666666667,2.352222222222222
15480075,La reliure,1894,fre,Paris,Q90,48.85666666666667,2.352222222222222
13540814,"Recueil de thèmes, d'exercices et de versions, pour faciliter l'étude de la langue hollandaise",1824,fre,Brussels,Q239,50.846666666666664,4.351666666666667
12861692,La confession Auriculaire est une dangereuse folie,1840,fre,Grenoble,Q1289,45.186944444444,5.7263888888889
11951722,"Catalogue d'une collection précieuse, et du plus beau choix, de tableaux des trois écoles, dessins et aquarelles, bronzes, marbres précieux, lapis, agathes, tabatières, ivoire, etc., etc. composant le cabinet de M. Lapeyrière",1817,fre,Paris,Q90,48.85666666666667,2.352222222222222
13633872,Code de la pêche fluviale,1829,fre,Paris,Q90,48.85666666666667,2.352222222222222
13156156,Une monnaie de Blankenberg,1858,fre,Brussels,Q239,50.846666666666664,4.351666666666667
12151233,De la valeur des bains froids dans le traitement de la fièvre typhoïde,1874,fre,Paris,Q90,48.85666666666667,2.352222222222222
12299832,Oui et non au sujet des Ultramontains et des Gallicans,1845,fre,Paris,Q90,48.85666666666667,2.352222222222222
12408801,Eclisse solare del giorno 18 giugno 1860,1860,ita,Italië,,,
11703282,Zoonomia ovvero leggi della vita organica di Erasmo Darwin [...],1803,ita,Milan,Q490,45.466944444444,9.19
12424452,"Avant, pendant et après",1828,fre,Brussels,Q239,50.846666666666664,4.351666666666667
11734618,Letter-kundigen brief geschreven aen de Kersouwieren van oudenaerden Den 16 evan Wyu-maend,1814,dut,Ghent,Q1296,51.05361111111111,3.725277777777778
15514048,"(N°. I.) Le Pere Duchesne, fumant une pipe dans un staminet à Bruxelles",1792,fre,Unknown,,,
11556537,Reseña histórica de los monumentos que existen en la insigne ciudad de Alcala de Henares,1863,spa,Madrid,Q2807,40.41694444444445,-3.703333333333333
13532899,Manuel du Bibliographe normand ou Dictionnaire bibliographique et historique des ouvrages et des auteurs de la Normandie,1858,fre,Rouen,Q30974,49.443055555556,1.1025
13732370,"Afrika von Süd nach West und von West nach Ost endlich einmal durchkreuzt, oder Kurze Uebersicht der Missionsreisen und Entdeckungen des Dr. Livingston durch [...]",1857,ger,Ludwigsburg,Q622,48.8975,9.1919444444444
13396259,Monumenti scelti Borghesiani,1837,ita,Milan,Q490,45.466944444444,9.19
11919482,Sur les migrations anciennes des mammifères de l'epoque actuelle [...],1858,fre,Paris,Q90,48.85666666666667,2.352222222222222
11795091,Nouvelle flore des environs de Paris,1821,fre,Paris,Q90,48.85666666666667,2.352222222222222
